Workbook

Sheet 피그테일 참고사항
B2: ■ 피그테일 발주참고사항
B4: 구분 | C4: 품목코드 | D4: 품목명 | E4: 수량 | F4: 구분 | G4: ※ 동일한 커넥터 ,모드, 두께, 케이블 색상인 경우 호환 가능하여 발주 시 발주수량 조정 必 ex) 14-P-041 12C 1EA = 14-P-102 1C 12EA 예외 : SK성단용(호환불가) ※ 규격에 별도로 색상이 기입되어 있지 않은 경우 노란색 케이블임 ※ 규격에 n색이 기입되어 있는 경우 호환불가 ex) 6색, 12색 등
B5: 1 | C5: 14-P-041 | D5: PIGTAIL-FC/PC-SM-12C (0.9mm) | E5: 1 | F5: 1
B6: 1 | C6: 14-P-102 | D6: PIGTAIL-FC/PC-SM-1C (0.9mm) | E6: 12 | F6: 1
B7: 2 | C7: 14-P-045 | D7: PIGTAIL-LC/APC-SM-12C (O.9mm) | E7: 1 | F7: 2
B8: 2 | C8: 14-P-076 | D8: PIGTAIL-LC/APC-SM-1C (0.9mm) | E8: 12 | F8: 2
B9: 3 | C9: 14-P-036 | D9: PIGTAIL-LC/PC-SM-12C (0.9mm) | E9: 1 | F9: 3
B10: 3 | C10: 14-P-006 | D10: PIGTAIL-LC/PC-SM-1C (0.9mm) | E10: 12 | F10: 3
B11: 3 | C11: 14-P-086 | D11: PIGTAIL-LC/PC-SM-2C (0.9mm) | E11: 6 | F11: 3
B12: 3 | C12: 14-P-080 | D12: PIGTAIL-LC/PC-SM-4C (0.9mm) | E12: 3 | F12: 3
B13: 4 | C13: 14-P-037 | D13: PIGTAIL-LC/PC-MM-12C (0.9mm) | E13: 1 | F13: 4
B14: 4 | C14: 14-P-003 | D14: PIGTAIL-LC/PC-MM-1C (0.9mm) | E14: 12 | F14: 4
B15: 5 | C15: 14-P-031 | D15: PIGTAIL-SC/APC-SM-12C (0.9mm) | E15: 1 | F15: 5
B16: 5 | C16: 14-P-073 | D16: PIGTAIL-SC/APC-SM-2C (0.9mm) | E16: 6 | F16: 5
... B26: 8 | C26: 14-P-040 | D26: PIGTAIL-SC/PC-SM-4C (0.9mm) | E26: 3 | F26: 8

Sheet 발주검토
I2: 월 평균판매량 | P2: =재고현황!#REF! -> #REF!
A3: 판매금액(2개년) | B3: 순번 | C3: 품목코드 | D3: 품목명 | E3: 규격 | F3: 요약 | G3: 최다판매연월 | H3: 최다 월판매수량 | I3: 24-25년 | J3: 26년 | K3: 전년 판매량 대비 | L3: 판매추이 | M3: 수입구매처 | N3: 리드타임 | O3: 안전재고 | P3: 재고현황 | Q3: 현 가용재고(월) | R3: 입고예정수량 | S3: 입고예정수량 포함 가용재고(월) | T3: 발주예정량 | U3: 입고 후 예상기간 (월)
A4: 2 | B4: 1 | C4: 14-K-362 | D4: OJC-A1-SC/SC-SM-3-PC/PC-SP | E4: K9088996 | F4: =VLOOKUP(C4,'판매현황-통합'!$J$2:$M$1479,4,0) -> 91014 | G4: =VLOOKUP(C4,'판매현황-통합'!J:P,6,0) -> 2025/12 | H4: =VLOOKUP(C4,'판매현황-통합'!J:P,7,0) -> 32271 | I4: =+F4/24 -> 3792.25 | J4: =SUMIF(판매현황_2026!C:C,발주검토!C4,판매현황_2026!F:F)/4 -> 1072.5 | K4: =+J4-I4 -> -2719.75 | L4: =IF(K4<0,"감소","증가") -> 감소 | M4: =VLOOKUP(C4,'판매현황-통합'!$J$1:$Q$1420,8,0) -> Fiberwit Link Communication Co.,LTD | N4: =VLOOKUP(M4,리드타임!$B$3:$D$10,3,0) -> 60 | O4: =I4*3 -> 11376.75 | P4: =IFERROR(VLOOKUP(C4,재고현황!$A:$D,4,0),0) -> 15293 | Q4: =+P4/I4 -> 4.0326983 | R4: =SUMIF(입고예정_260527!C:C,발주검토!C4,입고예정_260527!F:F) -> 20000 | S4: =+(R4+P4)/O4 -> 3.1022041 | U4: =+(+T4+P4+R4-(I4*3))/I4 -> 6.3066122 | V4: A14-SB-N148
A5: 5 | B5: 2 | C5: A14-SB-N261 | D5: SOJC-SM-SC/PC-SC/PC | E5: 908041391, 1M, B3, 3.0mm | F5: =VLOOKUP(C5,'판매현황-통합'!$J$2:$M$1479,4,0) -> 94359 | G5: =VLOOKUP(C5,'판매현황-통합'!J:P,6,0) -> 2024/01 | H5: =VLOOKUP(C5,'판매현황-통합'!J:P,7,0) -> 10760 | I5: =+F5/24 -> 3931.625 | J5: =SUMIF(판매현황_2026!C:C,발주검토!C5,판매현황_2026!F:F)/4 -> 4687.5 | K5: =+J5-I5 -> 755.875 | L5: =IF(K5<0,"감소","증가") -> 증가 | M5: =VLOOKUP(C5,'판매현황-통합'!$J$1:$Q$1420,8,0) -> Fiberwit Link Communication Co.,LTD | N5: =VLOOKUP(M5,리드타임!$B$3:$D$10,3,0) -> 60 | O5: =I5*3 -> 11794.875 | P5: =IFERROR(VLOOKUP(C5,재고현황!$A:$D,4,0),0) -> -90 | Q5: =+P5/I5 -> -0.022891298 | R5: =SUMIF(입고예정_260527!C:C,발주검토!C5,입고예정_260527!F:F) -> 8200 | S5: =+(R5+P5)/O5 -> 0.68758677 | T5: 28000 | U5: =+(+T5+P5+R5-(I5*3))/I5 -> 6.1844975 | V5: A14-SB-N139
A6: 6 | B6: 3 | C6: A14-SB-N268 | D6: SOJC-SM-SC/PC-SC/PC | E6: 908041390, 3M, B3, 3.0mm | F6: =VLOOKUP(C6,'판매현황-통합'!$J$2:$M$1479,4,0) -> 75287 | G6: =VLOOKUP(C6,'판매현황-통합'!J:P,6,0) -> 2024/01 | H6: =VLOOKUP(C6,'판매현황-통합'!J:P,7,0) -> 6792 | I6: =+F6/24 -> 3136.9583 | J6: =SUMIF(판매현황_2026!C:C,발주검토!C6,판매현황_2026!F:F)/4 -> 3795 | K6: =+J6-I6 -> 658.04167 | L6: =IF(K6<0,"감소","증가") -> 증가 | M6: =VLOOKUP(C6,'판매현황-통합'!$J$1:$Q$1420,8,0) -> Fiberwit Link Communication Co.,LTD | N6: =VLOOKUP(M6,리드타임!$B$3:$D$10,3,0) -> 60 | O6: =I6*3 -> 9410.875 | P6: =IFERROR(VLOOKUP(C6,재고현황!$A:$D,4,0),0) -> 4723 | Q6: =+P6/I6 -> 1.5055986 | R6: =SUMIF(입고예정_260527!C:C,발주검토!C6,입고예정_260527!F:F) -> 4010 | S6: =+(R6+P6)/O6 -> 0.92796897 | T6: 20000 | U6: =+(+T6+P6+R6-(I6*3))/I6 -> 6.1595096 | V6: A14-DB-N471
A7: 9 | B7: 4 | C7: 14-K-851 | D7: OJC-A1-SC/SC-SM-3-PC/PC-SP | E7: K9088996_포앤티 | F7: =VLOOKUP(C7,'판매현황-통합'!$J$2:$M$1479,4,0) -> 31318 | G7: =VLOOKUP(C7,'판매현황-통합'!J:P,6,0) -> 2025/12 | H7: =VLOOKUP(C7,'판매현황-통합'!J:P,7,0) -> 7100 | I7: =+F7/24 -> 1304.9167 | J7: =SUMIF(판매현황_2026!C:C,발주검토!C7,판매현황_2026!F:F)/4 -> 0 | K7: =+J7-I7 -> -1304.9167 | L7: =IF(K7<0,"감소","증가") -> 감소 | M7: =VLOOKUP(C7,'판매현황-통합'!$J$1:$Q$1420,8,0) -> Fiberwit Link Communication Co.,LTD | N7: =VLOOKUP(M7,리드타임!$B$3:$D$10,3,0) -> 60 | O7: =I7*3 -> 3914.75 | P7: =IFERROR(VLOOKUP(C7,재고현황!$A:$D,4,0),0) -> 5505 | Q7: =+P7/I7 -> 4.2186602 | R7: =SUMIF(입고예정_260527!C:C,발주검토!C7,입고예정_260527!F:F) -> 0 | S7: =+(R7+P7)/O7 -> 1.4062201 | U7: =+(+T7+P7+R7-(I7*3))/I7 -> 1.2186602 | V7: A14-DB-N455
A8: 17 | B8: 5 | C8: 14-P-018 | D8: PIGTAIL-SC/PC-SM-1C (0.9mm) | E8: 1.5M | F8: =VLOOKUP(C8,'판매현황-통합'!$J$2:$M$1479,4,0) -> 36641 | G8: =VLOOKUP(C8,'판매현황-통합'!J:P,6,0) -> 2026/01 | H8: =VLOOKUP(C8,'판매현황-통합'!J:P,7,0) -> 11550 | I8: =+F8/24 -> 1526.7083 | J8: =SUMIF(판매현황_2026!C:C,발주검토!C8,판매현황_2026!F:F)/4 -> 2957.5 | K8: =+J8-I8 -> 1430.7917 | L8: =IF(K8<0,"감소","증가") -> 증가 | M8: =VLOOKUP(C8,'판매현황-통합'!$J$1:$Q$1420,8,0) -> Fiberwit Link Communication Co.,LTD | N8: =VLOOKUP(M8,리드타임!$B$3:$D$10,3,0) -> 60 | O8: =I8*3 -> 4580.125 | P8: =IFERROR(VLOOKUP(C8,재고현황!$A:$D,4,0),0) -> 4 | Q8: =+P8/I8 -> 0.0026200158 | R8: =SUMIF(입고예정_260527!C:C,발주검토!C8,입고예정_260527!F:F) -> 0 | S8: =+(R8+P8)/O8 -> 0.00087333861 | T8: 14000 | U8: =+(+T8+P8+R8-(I8*3))/I8 -> 6.1726754 | V8: A14-SB-N099
A9: 4 | B9: 6 | C9: A14-DB-N223 | D9: DOJC-SM-LC/PC-LC/PC | E9: 908041006, 10M, B3, 2.0mm | F9: =VLOOKUP(C9,'판매현황-통합'!$J$2:$M$1479,4,0) -> 24439 | G9: =VLOOKUP(C9,'판매현황-통합'!J:P,6,0) -> 2024/04 | H9: =VLOOKUP(C9,'판매현황-통합'!J:P,7,0) -> 2197 | I9: =+F9/24 -> 1018.2917 | J9: =SUMIF(판매현황_2026!C:C,발주검토!C9,판매현황_2026!F:F)/4 -> 761 | K9: =+J9-I9 -> -257.29167 | L9: =IF(K9<0,"감소","증가") -> 감소 | M9: =VLOOKUP(C9,'판매현황-통합'!$J$1:$Q$1420,8,0) -> Fiberwit Link Communication Co.,LTD | N9: =VLOOKUP(M9,리드타임!$B$3:$D$10,3,0) -> 60 | O9: =I9*3 -> 3054.875 | P9: =IFERROR(VLOOKUP(C9,재고현황!$A:$D,4,0),0) -> 2272 | Q9: =+P9/I9 -> 2.2311879 | R9: =SUMIF(입고예정_260527!C:C,발주검토!C9,입고예정_260527!F:F) -> 3900 | S9: =+(R9+P9)/O9 -> 2.0203773 | T9: 3000 | U9: =+(+T9+P9+R9-(I9*3))/I9 -> 6.0072425 | V9: A14-SB-N104
A10: 3 | B10: 7 | C10: A14-DB-N228 | D10: DOJC-SM-LC/PC-LC/PC | E10: 908040697, 15M, B3, 2.0mm | F10: =VLOOKUP(C10,'판매현황-통합'!$J$2:$M$1479,4,0) -> 22527 | G10: =VLOOKUP(C10,'판매현황-통합'!J:P,6,0) -> 2024/04 | H10: =VLOOKUP(C10,'판매현황-통합'!J:P,7,0) -> 1525 | I10: =+F10/24 -> 938.625 | J10: =SUMIF(판매현황_2026!C:C,발주검토!C10,판매현황_2026!F:F)/4 -> 851 | K10: =+J10-I10 -> -87.625 | L10: =IF(K10<0,"감소","증가") -> 감소 | M10: =VLOOKUP(C10,'판매현황-통합'!$J$1:$Q$1420,8,0) -> Fiberwit Link Communication Co.,LTD | N10: =VLOOKUP(M10,리드타임!$B$3:$D$10,3,0) -> 60 | O10: =I10*3 -> 2815.875 | P10: =IFERROR(VLOOKUP(C10,재고현황!$A:$D,4,0),0) -> 2330 | Q10: =+P10/I10 -> 2.4823545 | R10: =SUMIF(입고예정_260527!C:C,발주검토!C10,입고예정_260527!F:F) -> 2600 | S10: =+(R10+P10)/O10 -> 1.7507879 | T10: 3500 | U10: =+(+T10+P10+R10-(I10*3))/I10 -> 5.9812225 | V10: A14-DB-N226
A11: 27 | B11: 8 | C11: A14-SB-N249 | D11: SOJC-SM-SC/PC-SC/APC | E11: 908041420, 3M, B3, 3.0mm | F11: =VLOOKUP(C11,'판매현황-통합'!$J$2:$M$1479,4,0) -> 23336 | G11: =VLOOKUP(C11,'판매현황-통합'!J:P,6,0) -> 2026/02 | H11: =VLOOKUP(C11,'판매현황-통합'!J:P,7,0) -> 4200 | I11: =+F11/24 -> 972.33333 | J11: =SUMIF(판매현황_2026!C:C,발주검토!C11,판매현황_2026!F:F)/4 -> 2360 | K11: =+J11-I11 -> 1387.6667 | L11: =IF(K11<0,"감소","증가") -> 증가 | M11: =VLOOKUP(C11,'판매현황-통합'!$J$1:$Q$1420,8,0) -> Fiberwit Link Communication Co.,LTD | N11: =VLOOKUP(M11,리드타임!$B$3:$D$10,3,0) -> 60 | O11: =I11*3 -> 2917 | P11: =IFERROR(VLOOKUP(C11,재고현황!$A:$D,4,0),0) -> -500 | Q11: =+P11/I11 -> -0.51422695 | R11: =SUMIF(입고예정_260527!C:C,발주검토!C11,입고예정_260527!F:F) -> 8000 | S11: =+(R11+P11)/O11 -> 2.5711347 | T11: 1300 | U11: =+(+T11+P11+R11-(I11*3))/I11 -> 6.0503942 | V11: A14-DB-N307
A12: 25 | B12: 9 | C12: 14-K-357 | D12: OJC-A1-SC/SC-SM-3-APC/APC-SP | E12: K9089111 | F12: =VLOOKUP(C12,'판매현황-통합'!$J$2:$M$1479,4,0) -> 13006 | G12: =VLOOKUP(C12,'판매현황-통합'!J:P,6,0) -> 2024/12 | H12: =VLOOKUP(C12,'판매현황-통합'!J:P,7,0) -> 3000 | I12: =+F12/24 -> 541.91667 | J12: =SUMIF(판매현황_2026!C:C,발주검토!C12,판매현황_2026!F:F)/4 -> 85 | K12: =+J12-I12 -> -456.91667 | L12: =IF(K12<0,"감소","증가") -> 감소 | M12: =VLOOKUP(C12,'판매현황-통합'!$J$1:$Q$1420,8,0) -> Fiberwit Link Communication Co.,LTD | N12: =VLOOKUP(M12,리드타임!$B$3:$D$10,3,0) -> 60 | O12: =I12*3 -> 1625.75 | P12: =IFERROR(VLOOKUP(C12,재고현황!$A:$D,4,0),0) -> 2748 | Q12: =+P12/I12 -> 5.0708904 | R12: =SUMIF(입고예정_260527!C:C,발주검토!C12,입고예정_260527!F:F) -> 1100 | S12: =+(R12+P12)/O12 -> 2.3669076 | T12: 1000 | U12: =+(+T12+P12+R12-(I12*3))/I12 -> 5.9460249 | V12: A14-DB-N303
A13: 7 | B13: 10 | C13: A14-DB-N234 | D13: DOJC-SM-LC/PC-LC/PC | E13: 908040702, 20M, B3, 2.0mm | F13: =VLOOKUP(C13,'판매현황-통합'!$J$2:$M$1479,4,0) -> 10662 | G13: =VLOOKUP(C13,'판매현황-통합'!J:P,6,0) -> 2024/04 | H13: =VLOOKUP(C13,'판매현황-통합'!J:P,7,0) -> 987 | I13: =+F13/24 -> 444.25 | J13: =SUMIF(판매현황_2026!C:C,발주검토!C13,판매현황_2026!F:F)/4 -> 343.75 | K13: =+J13-I13 -> -100.5 | L13: =IF(K13<0,"감소","증가") -> 감소 | M13: =VLOOKUP(C13,'판매현황-통합'!$J$1:$Q$1420,8,0) -> Fiberwit Link Communication Co.,LTD | N13: =VLOOKUP(M13,리드타임!$B$3:$D$10,3,0) -> 60 | O13: =I13*3 -> 1332.75 | P13: =IFERROR(VLOOKUP(C13,재고현황!$A:$D,4,0),0) -> 791 | Q13: =+P13/I13 -> 1.780529 | R13: =SUMIF(입고예정_260527!C:C,발주검토!C13,입고예정_260527!F:F) -> 900 | S13: =+(R13+P13)/O13 -> 1.2688051 | T13: 2300 | U13: =+(+T13+P13+R13-(I13*3))/I13 -> 5.9836804 | V13: A14-DB-N313
A14: 53 | B14: 11 | C14: A14-SB-N265 | D14: SOJC-SM-SC/PC-SC/PC | E14: 908041392, 2M, B3, 3.0mm | F14: =VLOOKUP(C14,'판매현황-통합'!$J$2:$M$1479,4,0) -> 12845 | G14: =VLOOKUP(C14,'판매현황-통합'!J:P,6,0) -> 2026/02 | H14: =VLOOKUP(C14,'판매현황-통합'!J:P,7,0) -> 2570 | I14: =+F14/24 -> 535.20833 | J14: =SUMIF(판매현황_2026!C:C,발주검토!C14,판매현황_2026!F:F)/4 -> 960 | K14: =+J14-I14 -> 424.79167 | L14: =IF(K14<0,"감소","증가") -> 증가 | M14: =VLOOKUP(C14,'판매현황-통합'!$J$1:$Q$1420,8,0) -> Fiberwit Link Communication Co.,LTD | N14: =VLOOKUP(M14,리드타임!$B$3:$D$10,3,0) -> 60 | O14: =I14*3 -> 1605.625 | P14: =IFERROR(VLOOKUP(C14,재고현황!$A:$D,4,0),0) -> -200 | Q14: =+P14/I14 -> -0.37368626 | R14: =SUMIF(입고예정_260527!C:C,발주검토!C14,입고예정_260527!F:F) -> 1900 | S14: =+(R14+P14)/O14 -> 1.0587777 | T14: =I14*9-R14 -> 2916.875 | U14: =+(+T14+P14+R14-(I14*3))/I14 -> 5.6263137 | V14: A14-SB-N268
A15: 8 | B15: 12 | C15: 14-K-176 | D15: OJC-A1-SC/LC-SM-10-PC/PC-DP | E15: K9089162 | F15: =VLOOKUP(C15,'판매현황-통합'!$J$2:$M$1479,4,0) -> 9558 | G15: =VLOOKUP(C15,'판매현황-통합'!J:P,6,0) -> 2024/11 | H15: =VLOOKUP(C15,'판매현황-통합'!J:P,7,0) -> 4102 | I15: =+F15/24 -> 398.25 | J15: =SUMIF(판매현황_2026!C:C,발주검토!C15,판매현황_2026!F:F)/4 -> 162.5 | K15: =+J15-I15 -> -235.75 | L15: =IF(K15<0,"감소","증가") -> 감소 | M15: =VLOOKUP(C15,'판매현황-통합'!$J$1:$Q$1420,8,0) -> Fiberwit Link Communication Co.,LTD | N15: =VLOOKUP(M15,리드타임!$B$3:$D$10,3,0) -> 60 | O15: =I15*3 -> 1194.75 | P15: =IFERROR(VLOOKUP(C15,재고현황!$A:$D,4,0),0) -> 2310 | Q15: =+P15/I15 -> 5.8003766 | R15: =SUMIF(입고예정_260527!C:C,발주검토!C15,입고예정_260527!F:F) -> 0 | S15: =+(R15+P15)/O15 -> 1.9334589 | T15: 1300 | U15: =+(+T15+P15+R15-(I15*3))/I15 -> 6.0646579 | V15: A14-SB-N261
A16: 34 | B16: 13 | C16: A14-SB-N272 | D16: SOJC-SM-SC/PC-SC/PC | E16: 908041394, 5M, B3, 3.0mm | F16: =VLOOKUP(C16,'판매현황-통합'!$J$2:$M$1479,4,0) -> 10963 | G16: =VLOOKUP(C16,'판매현황-통합'!J:P,6,0) -> 2026/03 | H16: =VLOOKUP(C16,'판매현황-통합'!J:P,7,0) -> 1990 | I16: =+F16/24 -> 456.79167 | J16: =SUMIF(판매현황_2026!C:C,발주검토!C16,판매현황_2026!F:F)/4 -> 602.75 | K16: =+J16-I16 -> 145.95833 | L16: =IF(K16<0,"감소","증가") -> 증가 | M16: =VLOOKUP(C16,'판매현황-통합'!$J$1:$Q$1420,8,0) -> Fiberwit Link Communication Co.,LTD | N16: =VLOOKUP(M16,리드타임!$B$3:$D$10,3,0) -> 60 | O16: =I16*3 -> 1370.375 | P16: =IFERROR(VLOOKUP(C16,재고현황!$A:$D,4,0),0) -> 70 | Q16: =+P16/I16 -> 0.15324273 | R16: =SUMIF(입고예정_260527!C:C,발주검토!C16,입고예정_260527!F:F) -> 150 | S16: =+(R16+P16)/O16 -> 0.16054 | T16: =I16*9-R16 -> 3961.125 | U16: =+(+T16+P16+R16-(I16*3))/I16 -> 6.1532427 | V16: A14-SB-N265
A17: 13 | B17: 14 | C17: 14-K-214 | D17: OJC-A1-SC/LC-SM-2-PC/PC-DP | E17: K9089158 | F17: =VLOOKUP(C17,'판매현황-통합'!$J$2:$M$1479,4,0) -> 9086 | G17: =VLOOKUP(C17,'판매현황-통합'!J:P,6,0) -> 2024/11 | H17: =VLOOKUP(C17,'판매현황-통합'!J:P,7,0) -> 4241 | I17: =+F17/24 -> 378.58333 | J17: =SUMIF(판매현황_2026!C:C,발주검토!C17,판매현황_2026!F:F)/4 -> 193.75 | K17: =+J17-I17 -> -184.83333 | L17: =IF(K17<0,"감소","증가") -> 감소 | M17: =VLOOKUP(C17,'판매현황-통합'!$J$1:$Q$1420,8,0) -> Fiberwit Link Communication Co.,LTD | N17: =VLOOKUP(M17,리드타임!$B$3:$D$10,3,0) -> 60 | O17: =I17*3 -> 1135.75 | P17: =IFERROR(VLOOKUP(C17,재고현황!$A:$D,4,0),0) -> 2613 | Q17: =+P17/I17 -> 6.9020471 | R17: =SUMIF(입고예정_260527!C:C,발주검토!C17,입고예정_260527!F:F) -> 0 | S17: =+(R17+P17)/O17 -> 2.3006824 | T17: 1000 | U17: =+(+T17+P17+R17-(I17*3))/I17 -> 6.5434735 | V17: A14-SB-N272
A18: 44 | B18: 15 | C18: 14-K-199 | D18: OJC-A1-SC/LC-SM-1-PC/PC-SP | E18: K9089028 | F18: =VLOOKUP(C18,'판매현황-통합'!$J$2:$M$1479,4,0) -> 8912 | G18: =VLOOKUP(C18,'판매현황-통합'!J:P,6,0) -> 2024/01 | H18: =VLOOKUP(C18,'판매현황-통합'!J:P,7,0) -> 1460 | I18: =+F18/24 -> 371.33333 | J18: =SUMIF(판매현황_2026!C:C,발주검토!C18,판매현황_2026!F:F)/4 -> 232.5 | K18: =+J18-I18 -> -138.83333 | L18: =IF(K18<0,"감소","증가") -> 감소 | M18: =VLOOKUP(C18,'판매현황-통합'!$J$1:$Q$1420,8,0) -> Fiberwit Link Communication Co.,LTD | N18: =VLOOKUP(M18,리드타임!$B$3:$D$10,3,0) -> 60 | O18: =I18*3 -> 1114 | P18: =IFERROR(VLOOKUP(C18,재고현황!$A:$D,4,0),0) -> 326 | Q18: =+P18/I18 -> 0.87791741 | R18: =SUMIF(입고예정_260527!C:C,발주검토!C18,입고예정_260527!F:F) -> 2200 | S18: =+(R18+P18)/O18 -> 2.2675045 | T18: 800 | U18: =+(+T18+P18+R18-(I18*3))/I18 -> 5.956912 | V18: A14-D1-N035
A19: 33 | B19: 16 | C19: 14-K-291 | D19: OJC-A1-SC/SC-SM-10-PC/PC-SP | E19: K9089003 | F19: =VLOOKUP(C19,'판매현황-통합'!$J$2:$M$1479,4,0) -> 8557 | G19: =VLOOKUP(C19,'판매현황-통합'!J:P,6,0) -> 2025/11 | H19: =VLOOKUP(C19,'판매현황-통합'!J:P,7,0) -> 2257 | I19: =+F19/24 -> 356.54167 | J19: =SUMIF(판매현황_2026!C:C,발주검토!C19,판매현황_2026!F:F)/4 -> 176.5 | K19: =+J19-I19 -> -180.04167 | L19: =IF(K19<0,"감소","증가") -> 감소 | M19: =VLOOKUP(C19,'판매현황-통합'!$J$1:$Q$1420,8,0) -> Fiberwit Link Communication Co.,LTD | N19: =VLOOKUP(M19,리드타임!$B$3:$D$10,3,0) -> 60 | O19: =I19*3 -> 1069.625 | P19: =IFERROR(VLOOKUP(C19,재고현황!$A:$D,4,0),0) -> 1744 | Q19: =+P19/I19 -> 4.8914339 | R19: =SUMIF(입고예정_260527!C:C,발주검토!C19,입고예정_260527!F:F) -> 1500 | S19: =+(R19+P19)/O19 -> 3.0328386 | U19: =+(+T19+P19+R19-(I19*3))/I19 -> 6.0985158 | V19: A14-D1-N040
A20: 39 | B20: 17 | C20: A14-SB-N258 | D20: SOJC-SM-SC/PC-SC/PC | E20: 908041399, 10M, B3, 2.0mm | F20: =VLOOKUP(C20,'판매현황-통합'!$J$2:$M$1479,4,0) -> 9322 | G20: =VLOOKUP(C20,'판매현황-통합'!J:P,6,0) -> 2024/10 | H20: =VLOOKUP(C20,'판매현황-통합'!J:P,7,0) -> 685 | I20: =+F20/24 -> 388.41667 | J20: =SUMIF(판매현황_2026!C:C,발주검토!C20,판매현황_2026!F:F)/4 -> 416.25 | K20: =+J20-I20 -> 27.833333 | L20: =IF(K20<0,"감소","증가") -> 증가 | M20: =VLOOKUP(C20,'판매현황-통합'!$J$1:$Q$1420,8,0) -> Fiberwit Link Communication Co.,LTD | N20: =VLOOKUP(M20,리드타임!$B$3:$D$10,3,0) -> 60 | O20: =I20*3 -> 1165.25 | P20: =IFERROR(VLOOKUP(C20,재고현황!$A:$D,4,0),0) -> -200 | Q20: =+P20/I20 -> -0.51491096 | R20: =SUMIF(입고예정_260527!C:C,발주검토!C20,입고예정_260527!F:F) -> 1500 | S20: =+(R20+P20)/O20 -> 1.1156404 | T20: 2200 | U20: =+(+T20+P20+R20-(I20*3))/I20 -> 6.0109419 | V20: A14-SB-N263
A21: 24 | B21: 18 | C21: A14-DB-N244 | D21: DOJC-SM-LC/PC-LC/PC | E21: 908040997, 3M, B3, 3.0mm | F21: =VLOOKUP(C21,'판매현황-통합'!$J$2:$M$1479,4,0) -> 8614 | G21: =VLOOKUP(C21,'판매현황-통합'!J:P,6,0) -> 2025/02 | H21: =VLOOKUP(C21,'판매현황-통합'!J:P,7,0) -> 585 | I21: =+F21/24 -> 358.91667 | J21: =SUMIF(판매현황_2026!C:C,발주검토!C21,판매현황_2026!F:F)/4 -> 319.25 | K21: =+J21-I21 -> -39.666667 | L21: =IF(K21<0,"감소","증가") -> 감소 | M21: =VLOOKUP(C21,'판매현황-통합'!$J$1:$Q$1420,8,0) -> Fiberwit Link Communication Co.,LTD | N21: =VLOOKUP(M21,리드타임!$B$3:$D$10,3,0) -> 60 | O21: =I21*3 -> 1076.75 | P21: =IFERROR(VLOOKUP(C21,재고현황!$A:$D,4,0),0) -> 989 | Q21: =+P21/I21 -> 2.7555143 | R21: =SUMIF(입고예정_260527!C:C,발주검토!C21,입고예정_260527!F:F) -> 2200 | S21: =+(R21+P21)/O21 -> 2.9616903 | T21: 50 | U21: =+(+T21+P21+R21-(I21*3))/I21 -> 6.0243789 | V21: A14-SB-N251
A22: 22 | B22: 19 | C22: A14-DB-N474 | D22: DOJC-SM-SC/PC-SC/PC | E22: 908040221, 3M, B3, 3.0mm | F22: =VLOOKUP(C22,'판매현황-통합'!$J$2:$M$1479,4,0) -> 6979 | G22: =VLOOKUP(C22,'판매현황-통합'!J:P,6,0) -> 2024/08 | H22: =VLOOKUP(C22,'판매현황-통합'!J:P,7,0) -> 600 | I22: =+F22/24 -> 290.79167 | J22: =SUMIF(판매현황_2026!C:C,발주검토!C22,판매현황_2026!F:F)/4 -> 175.75 | K22: =+J22-I22 -> -115.04167 | L22: =IF(K22<0,"감소","증가") -> 감소 | M22: =VLOOKUP(C22,'판매현황-통합'!$J$1:$Q$1420,8,0) -> Fiberwit Link Communication Co.,LTD | N22: =VLOOKUP(M22,리드타임!$B$3:$D$10,3,0) -> 60 | O22: =I22*3 -> 872.375 | P22: =IFERROR(VLOOKUP(C22,재고현황!$A:$D,4,0),0) -> 1361 | Q22: =+P22/I22 -> 4.6803267 | R22: =SUMIF(입고예정_260527!C:C,발주검토!C22,입고예정_260527!F:F) -> 800 | S22: =+(R22+P22)/O22 -> 2.4771457 | T22: 500 | U22: =+(+T22+P22+R22-(I22*3))/I22 -> 6.1508812 | V22: A14-SB-N220
A23: 41 | B23: 20 | C23: 14-K-303 | D23: OJC-A1-SC/SC-SM-15-PC/PC-SP | E23: K9089008 | F23: =VLOOKUP(C23,'판매현황-통합'!$J$2:$M$1479,4,0) -> 6914 | G23: =VLOOKUP(C23,'판매현황-통합'!J:P,6,0) -> 2025/12 | H23: =VLOOKUP(C23,'판매현황-통합'!J:P,7,0) -> 812 | I23: =+F23/24 -> 288.08333 | J23: =SUMIF(판매현황_2026!C:C,발주검토!C23,판매현황_2026!F:F)/4 -> 174.5 | K23: =+J23-I23 -> -113.58333 | L23: =IF(K23<0,"감소","증가") -> 감소 | M23: =VLOOKUP(C23,'판매현황-통합'!$J$1:$Q$1420,8,0) -> Fiberwit Link Communication Co.,LTD | N23: =VLOOKUP(M23,리드타임!$B$3:$D$10,3,0) -> 60 | O23: =I23*3 -> 864.25 | P23: =IFERROR(VLOOKUP(C23,재고현황!$A:$D,4,0),0) -> 887 | Q23: =+P23/I23 -> 3.0789702 | R23: =SUMIF(입고예정_260527!C:C,발주검토!C23,입고예정_260527!F:F) -> 1600 | S23: =+(R23+P23)/O23 -> 2.8776396 | T23: 120 | U23: =+(+T23+P23+R23-(I23*3))/I23 -> 6.0494649 | V23: A14-SB-N221
A24: 1 | B24: 21 | C24: 14-P-025 | D24: PIGTAIL-SC/APC-SM-12C (SK성단용) | E24: 1.5M | F24: =VLOOKUP(C24,'판매현황-통합'!$J$2:$M$1479,4,0) -> 6405 | G24: =VLOOKUP(C24,'판매현황-통합'!J:P,6,0) -> 2024/03 | H24: =VLOOKUP(C24,'판매현황-통합'!J:P,7,0) -> 702 | I24: =+F24/24 -> 266.875 | J24: =SUMIF(판매현황_2026!C:C,발주검토!C24,판매현황_2026!F:F)/4 -> 139 | K24: =+J24-I24 -> -127.875 | L24: =IF(K24<0,"감소","증가") -> 감소 | M24: =VLOOKUP(C24,'판매현황-통합'!$J$1:$Q$1420,8,0) -> Huizhou Fibercan Industrial Co.,Ltd | N24: =VLOOKUP(M24,리드타임!$B$3:$D$10,3,0) -> 40 | O24: =I24*3 -> 800.625 | P24: =IFERROR(VLOOKUP(C24,재고현황!$A:$D,4,0),0) -> 1650 | Q24: =+P24/I24 -> 6.1826698 | R24: =SUMIF(입고예정_260527!C:C,발주검토!C24,입고예정_260527!F:F) -> 0 | S24: =+(R24+P24)/O24 -> 2.0608899 | T24: =I24*9-R24 -> 2401.875 | U24: =+(+T24+P24+R24-(I24*3))/I24 -> 12.18267 | V24: A14-SB-N210
A25: 32 | B25: 22 | C25: A14-DB-N274 | D25: DOJC-SM-LC/PC-SC/APC | E25: 908040907, 3M, B3, 3.0mm | F25: =VLOOKUP(C25,'판매현황-통합'!$J$2:$M$1479,4,0) -> 6918 | G25: =VLOOKUP(C25,'판매현황-통합'!J:P,6,0) -> 2024/12 | H25: =VLOOKUP(C25,'판매현황-통합'!J:P,7,0) -> 675 | I25: =+F25/24 -> 288.25 | J25: =SUMIF(판매현황_2026!C:C,발주검토!C25,판매현황_2026!F:F)/4 -> 298.75 | K25: =+J25-I25 -> 10.5 | L25: =IF(K25<0,"감소","증가") -> 증가 | M25: =VLOOKUP(C25,'판매현황-통합'!$J$1:$Q$1420,8,0) -> Fiberwit Link Communication Co.,LTD | N25: =VLOOKUP(M25,리드타임!$B$3:$D$10,3,0) -> 60 | O25: =I25*3 -> 864.75 | P25: =IFERROR(VLOOKUP(C25,재고현황!$A:$D,4,0),0) -> 692 | Q25: =+P25/I25 -> 2.4006938 | R25: =SUMIF(입고예정_260527!C:C,발주검토!C25,입고예정_260527!F:F) -> 1800 | S25: =+(R25+P25)/O25 -> 2.8817577 | T25: =ROUND(+I25*9-P25-R25,-1) -> 100 | U25: =+(+T25+P25+R25-(I25*3))/I25 -> 5.9921943 | V25: A14-SB-N203
A26: 36 | B26: 23 | C26: 14-K-322 | D26: OJC-A1-SC/SC-SM-20-PC/PC-SP | E26: K9089013 | F26: =VLOOKUP(C26,'판매현황-통합'!$J$2:$M$1479,4,0) -> 5960 | G26: =VLOOKUP(C26,'판매현황-통합'!J:P,6,0) -> 2025/12 | H26: =VLOOKUP(C26,'판매현황-통합'!J:P,7,0) -> 1110 | I26: =+F26/24 -> 248.33333 | J26: =SUMIF(판매현황_2026!C:C,발주검토!C26,판매현황_2026!F:F)/4 -> 71.75 | K26: =+J26-I26 -> -176.58333 | L26: =IF(K26<0,"감소","증가") -> 감소 | M26: =VLOOKUP(C26,'판매현황-통합'!$J$1:$Q$1420,8,0) -> Fiberwit Link Communication Co.,LTD | N26: =VLOOKUP(M26,리드타임!$B$3:$D$10,3,0) -> 60 | O26: =I26*3 -> 745 | P26: =IFERROR(VLOOKUP(C26,재고현황!$A:$D,4,0),0) -> 1334 | Q26: =+P26/I26 -> 5.3718121 | R26: =SUMIF(입고예정_260527!C:C,발주검토!C26,입고예정_260527!F:F) -> 1100 | S26: =+(R26+P26)/O26 -> 3.2671141 | U26: =+(+T26+P26+R26-(I26*3))/I26 -> 6.8013423 | V26: A14-S-SA/FA-B-N-006
A27: 38 | B27: 24 | C27: A14-DB-N455 | D27: DOJC-SM-SC/PC-SC/APC | E27: 908040251, 3M, B3, 3.0mm | F27: =VLOOKUP(C27,'판매현황-통합'!$J$2:$M$1479,4,0) -> 6725 | G27: =VLOOKUP(C27,'판매현황-통합'!J:P,6,0) -> 2024/05 | H27: =VLOOKUP(C27,'판매현황-통합'!J:P,7,0) -> 705 | I27: =+F27/24 -> 280.20833 | J27: =SUMIF(판매현황_2026!C:C,발주검토!C27,판매현황_2026!F:F)/4 -> 357.5 | K27: =+J27-I27 -> 77.291667 | L27: =IF(K27<0,"감소","증가") -> 증가 | M27: =VLOOKUP(C27,'판매현황-통합'!$J$1:$Q$1420,8,0) -> Fiberwit Link Communication Co.,LTD | N27: =VLOOKUP(M27,리드타임!$B$3:$D$10,3,0) -> 60 | O27: =I27*3 -> 840.625 | P27: =IFERROR(VLOOKUP(C27,재고현황!$A:$D,4,0),0) -> 0 | Q27: =+P27/I27 -> 0 | R27: =SUMIF(입고예정_260527!C:C,발주검토!C27,입고예정_260527!F:F) -> 1900 | S27: =+(R27+P27)/O27 -> 2.260223 | T27: =I27*9-R27 -> 621.875 | U27: =+(+T27+P27+R27-(I27*3))/I27 -> 6 | V27: A14-DB-N407
A28: 11 | B28: 25 | C28: A14-DB-N237 | D28: DOJC-SM-LC/PC-LC/PC | E28: 908040707, 25M, B3, 2.0mm | F28: =VLOOKUP(C28,'판매현황-통합'!$J$2:$M$1479,4,0) -> 6013 | G28: =VLOOKUP(C28,'판매현황-통합'!J:P,6,0) -> 2024/07 | H28: =VLOOKUP(C28,'판매현황-통합'!J:P,7,0) -> 488 | I28: =+F28/24 -> 250.54167 | J28: =SUMIF(판매현황_2026!C:C,발주검토!C28,판매현황_2026!F:F)/4 -> 182 | K28: =+J28-I28 -> -68.541667 | L28: =IF(K28<0,"감소","증가") -> 감소 | M28: =VLOOKUP(C28,'판매현황-통합'!$J$1:$Q$1420,8,0) -> Fiberwit Link Communication Co.,LTD | N28: =VLOOKUP(M28,리드타임!$B$3:$D$10,3,0) -> 60 | O28: =I28*3 -> 751.625 | P28: =IFERROR(VLOOKUP(C28,재고현황!$A:$D,4,0),0) -> 741 | Q28: =+P28/I28 -> 2.9575919 | R28: =SUMIF(입고예정_260527!C:C,발주검토!C28,입고예정_260527!F:F) -> 400 | S28: =+(R28+P28)/O28 -> 1.5180442 | T28: 1200 | U28: =+(+T28+P28+R28-(I28*3))/I28 -> 6.3437552 | V28: A14-DB-N181
A29: 15 | B29: 26 | C29: A14-DB-N289 | D29: DOJC-SM-LC/PC-SC/PC | E29: 908040873, 15M, B3, 2.0mm | F29: =VLOOKUP(C29,'판매현황-통합'!$J$2:$M$1479,4,0) -> 6057 | G29: =VLOOKUP(C29,'판매현황-통합'!J:P,6,0) -> 2024/08 | H29: =VLOOKUP(C29,'판매현황-통합'!J:P,7,0) -> 560 | I29: =+F29/24 -> 252.375 | J29: =SUMIF(판매현황_2026!C:C,발주검토!C29,판매현황_2026!F:F)/4 -> 230 | K29: =+J29-I29 -> -22.375 | L29: =IF(K29<0,"감소","증가") -> 감소 | M29: =VLOOKUP(C29,'판매현황-통합'!$J$1:$Q$1420,8,0) -> Fiberwit Link Communication Co.,LTD | N29: =VLOOKUP(M29,리드타임!$B$3:$D$10,3,0) -> 60 | O29: =I29*3 -> 757.125 | P29: =IFERROR(VLOOKUP(C29,재고현황!$A:$D,4,0),0) -> 520 | Q29: =+P29/I29 -> 2.060426 | R29: =SUMIF(입고예정_260527!C:C,발주검토!C29,입고예정_260527!F:F) -> 900 | S29: =+(R29+P29)/O29 -> 1.8755159 | T29: 900 | U29: =+(+T29+P29+R29-(I29*3))/I29 -> 6.1926696 | V29: A14-DB-N105
A30: 12 | B30: 27 | C30: 14-K-204 | D30: OJC-A1-SC/LC-SM-20-PC/PC-DP | E30: K9089164 | F30: =VLOOKUP(C30,'판매현황-통합'!$J$2:$M$1479,4,0) -> 5421 | G30: =VLOOKUP(C30,'판매현황-통합'!J:P,6,0) -> 2025/12 | H30: =VLOOKUP(C30,'판매현황-통합'!J:P,7,0) -> 1081 | I30: =+F30/24 -> 225.875 | J30: =SUMIF(판매현황_2026!C:C,발주검토!C30,판매현황_2026!F:F)/4 -> 106.25 | K30: =+J30-I30 -> -119.625 | L30: =IF(K30<0,"감소","증가") -> 감소 | M30: =VLOOKUP(C30,'판매현황-통합'!$J$1:$Q$1420,8,0) -> Fiberwit Link Communication Co.,LTD | N30: =VLOOKUP(M30,리드타임!$B$3:$D$10,3,0) -> 60 | O30: =I30*3 -> 677.625 | P30: =IFERROR(VLOOKUP(C30,재고현황!$A:$D,4,0),0) -> 2281 | Q30: =+P30/I30 -> 10.098506 | R30: =SUMIF(입고예정_260527!C:C,발주검토!C30,입고예정_260527!F:F) -> 0 | S30: =+(R30+P30)/O30 -> 3.3661686 | U30: =+(+T30+P30+R30-(I30*3))/I30 -> 7.0985058 | V30: A14-DB-N481
A31: 95 | B31: 28 | C31: 14-K-849 | D31: OJC-A1-SC/SC-SM-1-PC/PC-SP | E31: K9088994_포앤티 | F31: =VLOOKUP(C31,'판매현황-통합'!$J$2:$M$1479,4,0) -> 4628 | G31: =VLOOKUP(C31,'판매현황-통합'!J:P,6,0) -> 2024/07 | H31: =VLOOKUP(C31,'판매현황-통합'!J:P,7,0) -> 1500 | I31: =+F31/24 -> 192.83333 | J31: =SUMIF(판매현황_2026!C:C,발주검토!C31,판매현황_2026!F:F)/4 -> 7 | K31: =+J31-I31 -> -185.83333 | L31: =IF(K31<0,"감소","증가") -> 감소 | M31: =VLOOKUP(C31,'판매현황-통합'!$J$1:$Q$1420,8,0) -> Fiberwit Link Communication Co.,LTD | N31: =VLOOKUP(M31,리드타임!$B$3:$D$10,3,0) -> 60 | O31: =I31*3 -> 578.5 | P31: =IFERROR(VLOOKUP(C31,재고현황!$A:$D,4,0),0) -> 1159 | Q31: =+P31/I31 -> 6.0103717 | R31: =SUMIF(입고예정_260527!C:C,발주검토!C31,입고예정_260527!F:F) -> 0 | S31: =+(R31+P31)/O31 -> 2.0034572 | U31: =+(+T31+P31+R31-(I31*3))/I31 -> 3.0103717 | V31: A14-DB-N447
A32: 46 | B32: 29 | C32: A14-SB-N089 | D32: SOJC-SM-LC/PC-LC/PC | E32: 908040274, 15M, B3, 2.0mm | F32: =VLOOKUP(C32,'판매현황-통합'!$J$2:$M$1479,4,0) -> 4868 | G32: =VLOOKUP(C32,'판매현황-통합'!J:P,6,0) -> 2025/11 | H32: =VLOOKUP(C32,'판매현황-통합'!J:P,7,0) -> 615 | I32: =+F32/24 -> 202.83333 | J32: =SUMIF(판매현황_2026!C:C,발주검토!C32,판매현황_2026!F:F)/4 -> 69.25 | K32: =+J32-I32 -> -133.58333 | L32: =IF(K32<0,"감소","증가") -> 감소 | M32: =VLOOKUP(C32,'판매현황-통합'!$J$1:$Q$1420,8,0) -> Fiberwit Link Communication Co.,LTD | N32: =VLOOKUP(M32,리드타임!$B$3:$D$10,3,0) -> 60 | O32: =I32*3 -> 608.5 | P32: =IFERROR(VLOOKUP(C32,재고현황!$A:$D,4,0),0) -> 673 | Q32: =+P32/I32 -> 3.3179951 | R32: =SUMIF(입고예정_260527!C:C,발주검토!C32,입고예정_260527!F:F) -> 700 | S32: =+(R32+P32)/O32 -> 2.2563681 | T32: 500 | U32: =+(+T32+P32+R32-(I32*3))/I32 -> 6.2341824 | V32: A14-DB-N426
A33: 16 | B33: 30 | C33: 14-K-083 | D33: OJC-A1-LC/LC-SM-15-PC/PC-DP | E33: K9089177 | F33: =VLOOKUP(C33,'판매현황-통합'!$J$2:$M$1479,4,0) -> 4514 | G33: =VLOOKUP(C33,'판매현황-통합'!J:P,6,0) -> 2024/10 | H33: =VLOOKUP(C33,'판매현황-통합'!J:P,7,0) -> 657 | I33: =+F33/24 -> 188.08333 | J33: =SUMIF(판매현황_2026!C:C,발주검토!C33,판매현황_2026!F:F)/4 -> 56 | K33: =+J33-I33 -> -132.08333 | L33: =IF(K33<0,"감소","증가") -> 감소 | M33: =VLOOKUP(C33,'판매현황-통합'!$J$1:$Q$1420,8,0) -> Fiberwit Link Communication Co.,LTD | N33: =VLOOKUP(M33,리드타임!$B$3:$D$10,3,0) -> 60 | O33: =I33*3 -> 564.25 | P33: =IFERROR(VLOOKUP(C33,재고현황!$A:$D,4,0),0) -> 1631 | Q33: =+P33/I33 -> 8.6716881 | R33: =SUMIF(입고예정_260527!C:C,발주검토!C33,입고예정_260527!F:F) -> 500 | S33: =+(R33+P33)/O33 -> 3.7766947 | U33: =+(+T33+P33+R33-(I33*3))/I33 -> 8.3300842 | V33: A14-DB-N192
A34: 23 | B34: 31 | C34: A14-DB-N284 | D34: DOJC-SM-LC/PC-SC/PC | E34: 908040868, 10M, B3, 2.0mm | F34: =VLOOKUP(C34,'판매현황-통합'!$J$2:$M$1479,4,0) -> 5014 | G34: =VLOOKUP(C34,'판매현황-통합'!J:P,6,0) -> 2025/02 | H34: =VLOOKUP(C34,'판매현황-통합'!J:P,7,0) -> 453 | I34: =+F34/24 -> 208.91667 | J34: =SUMIF(판매현황_2026!C:C,발주검토!C34,판매현황_2026!F:F)/4 -> 188.75 | K34: =+J34-I34 -> -20.166667 | L34: =IF(K34<0,"감소","증가") -> 감소 | M34: =VLOOKUP(C34,'판매현황-통합'!$J$1:$Q$1420,8,0) -> Fiberwit Link Communication Co.,LTD | N34: =VLOOKUP(M34,리드타임!$B$3:$D$10,3,0) -> 60 | O34: =I34*3 -> 626.75 | P34: =IFERROR(VLOOKUP(C34,재고현황!$A:$D,4,0),0) -> 405 | Q34: =+P34/I34 -> 1.938572 | R34: =SUMIF(입고예정_260527!C:C,발주검토!C34,입고예정_260527!F:F) -> 850 | S34: =+(R34+P34)/O34 -> 2.0023933 | T34: =ROUND(+I34*9-P34-R34,-1) -> 630 | U34: =+(+T34+P34+R34-(I34*3))/I34 -> 6.0227363 | V34: A14-DB-N304
A35: 18 | B35: 32 | C35: 14-K-236 | D35: OJC-A1-SC/LC-SM-5-PC/PC-DP | E35: K9089161 | F35: =VLOOKUP(C35,'판매현황-통합'!$J$2:$M$1479,4,0) -> 4452 | G35: =VLOOKUP(C35,'판매현황-통합'!J:P,6,0) -> 2025/06 | H35: =VLOOKUP(C35,'판매현황-통합'!J:P,7,0) -> 983 | I35: =+F35/24 -> 185.5 | J35: =SUMIF(판매현황_2026!C:C,발주검토!C35,판매현황_2026!F:F)/4 -> 51 | K35: =+J35-I35 -> -134.5 | L35: =IF(K35<0,"감소","증가") -> 감소 | M35: =VLOOKUP(C35,'판매현황-통합'!$J$1:$Q$1420,8,0) -> Fiberwit Link Communication Co.,LTD | N35: =VLOOKUP(M35,리드타임!$B$3:$D$10,3,0) -> 60 | O35: =I35*3 -> 556.5 | P35: =IFERROR(VLOOKUP(C35,재고현황!$A:$D,4,0),0) -> 850 | Q35: =+P35/I35 -> 4.5822102 | R35: =SUMIF(입고예정_260527!C:C,발주검토!C35,입고예정_260527!F:F) -> 2100 | S35: =+(R35+P35)/O35 -> 5.3009883 | U35: =+(+T35+P35+R35-(I35*3))/I35 -> 12.902965 | V35: A14-D-LP/SP-B-N-004
A36: 30 | B36: 33 | C36: 14-K-290 | D36: OJC-A1-SC/SC-SM-10-PC/PC-DP | E36: K9089132 | F36: =VLOOKUP(C36,'판매현황-통합'!$J$2:$M$1479,4,0) -> 4451 | G36: =VLOOKUP(C36,'판매현황-통합'!J:P,6,0) -> 2025/12 | H36: =VLOOKUP(C36,'판매현황-통합'!J:P,7,0) -> 1289 | I36: =+F36/24 -> 185.45833 | J36: =SUMIF(판매현황_2026!C:C,발주검토!C36,판매현황_2026!F:F)/4 -> 73 | K36: =+J36-I36 -> -112.45833 | L36: =IF(K36<0,"감소","증가") -> 감소 | M36: =VLOOKUP(C36,'판매현황-통합'!$J$1:$Q$1420,8,0) -> Fiberwit Link Communication Co.,LTD | N36: =VLOOKUP(M36,리드타임!$B$3:$D$10,3,0) -> 60 | O36: =I36*3 -> 556.375 | P36: =IFERROR(VLOOKUP(C36,재고현황!$A:$D,4,0),0) -> 1930 | Q36: =+P36/I36 -> 10.40665 | R36: =SUMIF(입고예정_260527!C:C,발주검토!C36,입고예정_260527!F:F) -> 1300 | S36: =+(R36+P36)/O36 -> 5.805437 | U36: =+(+T36+P36+R36-(I36*3))/I36 -> 14.416311 | V36: A14-DB-N268
A37: 20 | B37: 34 | C37: 14-K-078 | D37: OJC-A1-LC/LC-SM-10-PC/PC-DP | E37: K9089176 | F37: =VLOOKUP(C37,'판매현황-통합'!$J$2:$M$1479,4,0) -> 4363 | G37: =VLOOKUP(C37,'판매현황-통합'!J:P,6,0) -> 2025/12 | H37: =VLOOKUP(C37,'판매현황-통합'!J:P,7,0) -> 900 | I37: =+F37/24 -> 181.79167 | J37: =SUMIF(판매현황_2026!C:C,발주검토!C37,판매현황_2026!F:F)/4 -> 54.75 | K37: =+J37-I37 -> -127.04167 | L37: =IF(K37<0,"감소","증가") -> 감소 | M37: =VLOOKUP(C37,'판매현황-통합'!$J$1:$Q$1420,8,0) -> Fiberwit Link Communication Co.,LTD | N37: =VLOOKUP(M37,리드타임!$B$3:$D$10,3,0) -> 60 | O37: =I37*3 -> 545.375 | P37: =IFERROR(VLOOKUP(C37,재고현황!$A:$D,4,0),0) -> 589 | Q37: =+P37/I37 -> 3.2399725 | R37: =SUMIF(입고예정_260527!C:C,발주검토!C37,입고예정_260527!F:F) -> 900 | S37: =+(R37+P37)/O37 -> 2.7302315 | T37: =ROUND(+I37*9-P37-R37,-1) -> 150 | U37: =+(+T37+P37+R37-(I37*3))/I37 -> 6.0158148 | V37: A14-DB-N246
A38: 58 | B38: 35 | C38: A14-SB-N134 | D38: SOJC-SM-LC/PC-SC/PC | E38: 15M, B3, 2.0mm | F38: =VLOOKUP(C38,'판매현황-통합'!$J$2:$M$1479,4,0) -> 4643 | G38: =VLOOKUP(C38,'판매현황-통합'!J:P,6,0) -> 2024/04 | H38: =VLOOKUP(C38,'판매현황-통합'!J:P,7,0) -> 796 | I38: =+F38/24 -> 193.45833 | J38: =SUMIF(판매현황_2026!C:C,발주검토!C38,판매현황_2026!F:F)/4 -> 216.25 | K38: =+J38-I38 -> 22.791667 | L38: =IF(K38<0,"감소","증가") -> 증가 | M38: =VLOOKUP(C38,'판매현황-통합'!$J$1:$Q$1420,8,0) -> Fiberwit Link Communication Co.,LTD | N38: =VLOOKUP(M38,리드타임!$B$3:$D$10,3,0) -> 60 | O38: =I38*3 -> 580.375 | P38: =IFERROR(VLOOKUP(C38,재고현황!$A:$D,4,0),0) -> 0 | Q38: =+P38/I38 -> 0 | R38: =SUMIF(입고예정_260527!C:C,발주검토!C38,입고예정_260527!F:F) -> 950 | S38: =+(R38+P38)/O38 -> 1.6368727 | T38: 800 | U38: =+(+T38+P38+R38-(I38*3))/I38 -> 6.0458755 | V38: A14-DB-N170
A39: 72 | B39: 36 | C39: A14-SB-N086 | D39: SOJC-SM-LC/PC-LC/PC | E39: 908040269, 10M, B3, 2.0mm | F39: =VLOOKUP(C39,'판매현황-통합'!$J$2:$M$1479,4,0) -> 4428 | G39: =VLOOKUP(C39,'판매현황-통합'!J:P,6,0) -> 2024/08 | H39: =VLOOKUP(C39,'판매현황-통합'!J:P,7,0) -> 600 | I39: =+F39/24 -> 184.5 | J39: =SUMIF(판매현황_2026!C:C,발주검토!C39,판매현황_2026!F:F)/4 -> 166.25 | K39: =+J39-I39 -> -18.25 | L39: =IF(K39<0,"감소","증가") -> 감소 | M39: =VLOOKUP(C39,'판매현황-통합'!$J$1:$Q$1420,8,0) -> Fiberwit Link Communication Co.,LTD | N39: =VLOOKUP(M39,리드타임!$B$3:$D$10,3,0) -> 60 | O39: =I39*3 -> 553.5 | P39: =IFERROR(VLOOKUP(C39,재고현황!$A:$D,4,0),0) -> 328 | Q39: =+P39/I39 -> 1.7777778 | R39: =SUMIF(입고예정_260527!C:C,발주검토!C39,입고예정_260527!F:F) -> 700 | S39: =+(R39+P39)/O39 -> 1.8572719 | T39: 650 | U39: =+(+T39+P39+R39-(I39*3))/I39 -> 6.0948509 | V39: A14-SB-N215
A40: 92 | B40: 37 | C40: A14-SB-N185 | D40: SOJC-SM-SC/APC-SC/APC | E40: 908041450, 3M, B3, 3.0mm | F40: =VLOOKUP(C40,'판매현황-통합'!$J$2:$M$1479,4,0) -> 4165 | G40: =VLOOKUP(C40,'판매현황-통합'!J:P,6,0) -> 2025/02 | H40: =VLOOKUP(C40,'판매현황-통합'!J:P,7,0) -> 640 | I40: =+F40/24 -> 173.54167 | J40: =SUMIF(판매현황_2026!C:C,발주검토!C40,판매현황_2026!F:F)/4 -> 137.5 | K40: =+J40-I40 -> -36.041667 | L40: =IF(K40<0,"감소","증가") -> 감소 | M40: =VLOOKUP(C40,'판매현황-통합'!$J$1:$Q$1420,8,0) -> Fiberwit Link Communication Co.,LTD | N40: =VLOOKUP(M40,리드타임!$B$3:$D$10,3,0) -> 60 | O40: =I40*3 -> 520.625 | P40: =IFERROR(VLOOKUP(C40,재고현황!$A:$D,4,0),0) -> 623 | Q40: =+P40/I40 -> 3.589916 | R40: =SUMIF(입고예정_260527!C:C,발주검토!C40,입고예정_260527!F:F) -> 1100 | S40: =+(R40+P40)/O40 -> 3.3094838 | U40: =+(+T40+P40+R40-(I40*3))/I40 -> 6.9284514 | V40: A14-SB-N218
A41: 10 | B41: 38 | C41: 14-K-188 | D41: OJC-A1-SC/LC-SM-15-PC/PC-DP | E41: K9089163 | F41: =VLOOKUP(C41,'판매현황-통합'!$J$2:$M$1479,4,0) -> 3976 | G41: =VLOOKUP(C41,'판매현황-통합'!J:P,6,0) -> 2024/12 | H41: =VLOOKUP(C41,'판매현황-통합'!J:P,7,0) -> 4004 | I41: =+F41/24 -> 165.66667 | J41: =SUMIF(판매현황_2026!C:C,발주검토!C41,판매현황_2026!F:F)/4 -> 95.25 | K41: =+J41-I41 -> -70.416667 | L41: =IF(K41<0,"감소","증가") -> 감소 | M41: =VLOOKUP(C41,'판매현황-통합'!$J$1:$Q$1420,8,0) -> Fiberwit Link Communication Co.,LTD | N41: =VLOOKUP(M41,리드타임!$B$3:$D$10,3,0) -> 60 | O41: =I41*3 -> 497 | P41: =IFERROR(VLOOKUP(C41,재고현황!$A:$D,4,0),0) -> 1448 | Q41: =+P41/I41 -> 8.7404427 | R41: =SUMIF(입고예정_260527!C:C,발주검토!C41,입고예정_260527!F:F) -> 0 | S41: =+(R41+P41)/O41 -> 2.9134809 | T41: 100 | U41: =+(+T41+P41+R41-(I41*3))/I41 -> 6.3440644 | V41: A14-D-LA/LA-B-N-007
A42: 151 | B42: 39 | C42: 14-K-855 | D42: OJC-A1-SC/SC-SM-2-PC/PC-SP | E42: K9088995_청색 | F42: =VLOOKUP(C42,'판매현황-통합'!$J$2:$M$1479,4,0) -> 4500 | G42: =VLOOKUP(C42,'판매현황-통합'!J:P,6,0) -> 2024/11 | H42: =VLOOKUP(C42,'판매현황-통합'!J:P,7,0) -> 2000 | I42: =+F42/24 -> 187.5 | J42: =SUMIF(판매현황_2026!C:C,발주검토!C42,판매현황_2026!F:F)/4 -> 250 | K42: =+J42-I42 -> 62.5 | L42: =IF(K42<0,"감소","증가") -> 증가 | M42: =VLOOKUP(C42,'판매현황-통합'!$J$1:$Q$1420,8,0) -> Fiberwit Link Communication Co.,LTD | N42: =VLOOKUP(M42,리드타임!$B$3:$D$10,3,0) -> 60 | O42: =I42*3 -> 562.5 | P42: =IFERROR(VLOOKUP(C42,재고현황!$A:$D,4,0),0) -> 5700 | Q42: =+P42/I42 -> 30.4 | R42: =SUMIF(입고예정_260527!C:C,발주검토!C42,입고예정_260527!F:F) -> 0 | S42: =+(R42+P42)/O42 -> 10.133333 | U42: =+(+T42+P42+R42-(I42*3))/I42 -> 27.4 | V42: A14-SB-N056
A43: 107 | B43: 40 | C43: A14-SB-N245 | D43: SOJC-SM-SC/PC-SC/APC | E43: 908041422, 2M, B3, 3.0mm | F43: =VLOOKUP(C43,'판매현황-통합'!$J$2:$M$1479,4,0) -> 4791 | G43: =VLOOKUP(C43,'판매현황-통합'!J:P,6,0) -> 2024/08 | H43: =VLOOKUP(C43,'판매현황-통합'!J:P,7,0) -> 490 | I43: =+F43/24 -> 199.625 | J43: =SUMIF(판매현황_2026!C:C,발주검토!C43,판매현황_2026!F:F)/4 -> 325 | K43: =+J43-I43 -> 125.375 | L43: =IF(K43<0,"감소","증가") -> 증가 | M43: =VLOOKUP(C43,'판매현황-통합'!$J$1:$Q$1420,8,0) -> Fiberwit Link Communication Co.,LTD | N43: =VLOOKUP(M43,리드타임!$B$3:$D$10,3,0) -> 60 | O43: =I43*3 -> 598.875 | P43: =IFERROR(VLOOKUP(C43,재고현황!$A:$D,4,0),0) -> -150 | Q43: =+P43/I43 -> -0.75140889 | R43: =SUMIF(입고예정_260527!C:C,발주검토!C43,입고예정_260527!F:F) -> 800 | S43: =+(R43+P43)/O43 -> 1.0853684 | T43: =ROUND(+I43*9-P43-R43,-1) -> 1150 | U43: =+(+T43+P43+R43-(I43*3))/I43 -> 6.0169067 | V43: A14-D1-N057
A44: 31 | B44: 41 | C44: A14-DB-N161 | D44: DOJC-SM-LC/PC-FC/APC | E44: 908040891, 15M, B3, 2.0mm | F44: =VLOOKUP(C44,'판매현황-통합'!$J$2:$M$1479,4,0) -> 3997 | G44: =VLOOKUP(C44,'판매현황-통합'!J:P,6,0) -> 2025/02 | H44: =VLOOKUP(C44,'판매현황-통합'!J:P,7,0) -> 578 | I44: =+F44/24 -> 166.54167 | J44: =SUMIF(판매현황_2026!C:C,발주검토!C44,판매현황_2026!F:F)/4 -> 150.25 | K44: =+J44-I44 -> -16.291667 | L44: =IF(K44<0,"감소","증가") -> 감소 | M44: =VLOOKUP(C44,'판매현황-통합'!$J$1:$Q$1420,8,0) -> Fiberwit Link Communication Co.,LTD | N44: =VLOOKUP(M44,리드타임!$B$3:$D$10,3,0) -> 60 | O44: =I44*3 -> 499.625 | P44: =IFERROR(VLOOKUP(C44,재고현황!$A:$D,4,0),0) -> 292 | Q44: =+P44/I44 -> 1.753315 | R44: =SUMIF(입고예정_260527!C:C,발주검토!C44,입고예정_260527!F:F) -> 500 | S44: =+(R44+P44)/O44 -> 1.5851889 | T44: 700 | U44: =+(+T44+P44+R44-(I44*3))/I44 -> 5.958719
A45: 55 | B45: 42 | C45: 14-K-198 | D45: OJC-A1-SC/LC-SM-1-PC/PC-DP | E45: K9089157 | F45: =VLOOKUP(C45,'판매현황-통합'!$J$2:$M$1479,4,0) -> 3206 | G45: =VLOOKUP(C45,'판매현황-통합'!J:P,6,0) -> 2025/12 | H45: =VLOOKUP(C45,'판매현황-통합'!J:P,7,0) -> 894 | I45: =+F45/24 -> 133.58333 | J45: =SUMIF(판매현황_2026!C:C,발주검토!C45,판매현황_2026!F:F)/4 -> 17.75 | K45: =+J45-I45 -> -115.83333 | L45: =IF(K45<0,"감소","증가") -> 감소 | M45: =VLOOKUP(C45,'판매현황-통합'!$J$1:$Q$1420,8,0) -> Fiberwit Link Communication Co.,LTD | N45: =VLOOKUP(M45,리드타임!$B$3:$D$10,3,0) -> 60 | O45: =I45*3 -> 400.75 | P45: =IFERROR(VLOOKUP(C45,재고현황!$A:$D,4,0),0) -> 839 | Q45: =+P45/I45 -> 6.2807236 | R45: =SUMIF(입고예정_260527!C:C,발주검토!C45,입고예정_260527!F:F) -> 0 | S45: =+(R45+P45)/O45 -> 2.0935745 | T45: 400 | U45: =+(+T45+P45+R45-(I45*3))/I45 -> 6.2751092
A46: 19 | B46: 43 | C46: 14-K-087 | D46: OJC-A1-LC/LC-SM-20-PC/PC-DP | E46: K9089178 | F46: =VLOOKUP(C46,'판매현황-통합'!$J$2:$M$1479,4,0) -> 3193 | G46: =VLOOKUP(C46,'판매현황-통합'!J:P,6,0) -> 2024/09 | H46: =VLOOKUP(C46,'판매현황-통합'!J:P,7,0) -> 480 | I46: =+F46/24 -> 133.04167 | J46: =SUMIF(판매현황_2026!C:C,발주검토!C46,판매현황_2026!F:F)/4 -> 15 | K46: =+J46-I46 -> -118.04167 | L46: =IF(K46<0,"감소","증가") -> 감소 | M46: =VLOOKUP(C46,'판매현황-통합'!$J$1:$Q$1420,8,0) -> Fiberwit Link Communication Co.,LTD | N46: =VLOOKUP(M46,리드타임!$B$3:$D$10,3,0) -> 60 | O46: =I46*3 -> 399.125 | P46: =IFERROR(VLOOKUP(C46,재고현황!$A:$D,4,0),0) -> 740 | Q46: =+P46/I46 -> 5.5621672 | R46: =SUMIF(입고예정_260527!C:C,발주검토!C46,입고예정_260527!F:F) -> 0 | S46: =+(R46+P46)/O46 -> 1.8540557 | T46: 500 | U46: =+(+T46+P46+R46-(I46*3))/I46 -> 6.3203883
A47: 14 | B47: 44 | C47: 14-K-209 | D47: OJC-A1-SC/LC-SM-25-PC/PC-DP | E47: K9089165 | F47: =VLOOKUP(C47,'판매현황-통합'!$J$2:$M$1479,4,0) -> 3016 | G47: =VLOOKUP(C47,'판매현황-통합'!J:P,6,0) -> 2025/11 | H47: =VLOOKUP(C47,'판매현황-통합'!J:P,7,0) -> 470 | I47: =+F47/24 -> 125.66667 | J47: =SUMIF(판매현황_2026!C:C,발주검토!C47,판매현황_2026!F:F)/4 -> 0.5 | K47: =+J47-I47 -> -125.16667 | L47: =IF(K47<0,"감소","증가") -> 감소 | M47: =VLOOKUP(C47,'판매현황-통합'!$J$1:$Q$1420,8,0) -> Fiberwit Link Communication Co.,LTD | N47: =VLOOKUP(M47,리드타임!$B$3:$D$10,3,0) -> 60 | O47: =I47*3 -> 377 | P47: =IFERROR(VLOOKUP(C47,재고현황!$A:$D,4,0),0) -> 853 | Q47: =+P47/I47 -> 6.7877984 | R47: =SUMIF(입고예정_260527!C:C,발주검토!C47,입고예정_260527!F:F) -> 1000 | S47: =+(R47+P47)/O47 -> 4.9151194 | U47: =+(+T47+P47+R47-(I47*3))/I47 -> 11.745358
A48: 87 | B48: 45 | C48: A14-SB-N130 | D48: SOJC-SM-LC/PC-SC/PC | E48: 908040170, 10M, B3, 2.0mm | F48: =VLOOKUP(C48,'판매현황-통합'!$J$2:$M$1479,4,0) -> 3828 | G48: =VLOOKUP(C48,'판매현황-통합'!J:P,6,0) -> 2026/02 | H48: =VLOOKUP(C48,'판매현황-통합'!J:P,7,0) -> 519 | I48: =+F48/24 -> 159.5 | J48: =SUMIF(판매현황_2026!C:C,발주검토!C48,판매현황_2026!F:F)/4 -> 227.25 | K48: =+J48-I48 -> 67.75 | L48: =IF(K48<0,"감소","증가") -> 증가 | M48: =VLOOKUP(C48,'판매현황-통합'!$J$1:$Q$1420,8,0) -> Fiberwit Link Communication Co.,LTD | N48: =VLOOKUP(M48,리드타임!$B$3:$D$10,3,0) -> 60 | O48: =I48*3 -> 478.5 | P48: =IFERROR(VLOOKUP(C48,재고현황!$A:$D,4,0),0) -> 175 | Q48: =+P48/I48 -> 1.0971787 | R48: =SUMIF(입고예정_260527!C:C,발주검토!C48,입고예정_260527!F:F) -> 1000 | S48: =+(R48+P48)/O48 -> 2.4555904 | T48: 250 | U48: =+(+T48+P48+R48-(I48*3))/I48 -> 5.9341693
A49: 21 | B49: 46 | C49: A14-DB-N295 | D49: DOJC-SM-LC/PC-SC/PC | E49: 908040878, 20M, B3, 2.0mm | F49: =VLOOKUP(C49,'판매현황-통합'!$J$2:$M$1479,4,0) -> 3615 | G49: =VLOOKUP(C49,'판매현황-통합'!J:P,6,0) -> 2026/03 | H49: =VLOOKUP(C49,'판매현황-통합'!J:P,7,0) -> 414 | I49: =+F49/24 -> 150.625 | J49: =SUMIF(판매현황_2026!C:C,발주검토!C49,판매현황_2026!F:F)/4 -> 182.5 | K49: =+J49-I49 -> 31.875 | L49: =IF(K49<0,"감소","증가") -> 증가 | M49: =VLOOKUP(C49,'판매현황-통합'!$J$1:$Q$1420,8,0) -> Fiberwit Link Communication Co.,LTD | N49: =VLOOKUP(M49,리드타임!$B$3:$D$10,3,0) -> 60 | O49: =I49*3 -> 451.875 | P49: =IFERROR(VLOOKUP(C49,재고현황!$A:$D,4,0),0) -> -30 | Q49: =+P49/I49 -> -0.19917012 | R49: =SUMIF(입고예정_260527!C:C,발주검토!C49,입고예정_260527!F:F) -> 800 | S49: =+(R49+P49)/O49 -> 1.7040111 | T49: 600 | U49: =+(+T49+P49+R49-(I49*3))/I49 -> 6.0954357
A50: 35 | B50: 47 | C50: 14-K-883 | D50: OJC-A1-SC/LC-SM-15-PC/PC-DP | E50: K9089163_포앤티 | F50: =VLOOKUP(C50,'판매현황-통합'!$J$2:$M$1479,4,0) -> 2803 | G50: =VLOOKUP(C50,'판매현황-통합'!J:P,6,0) -> 2024/07 | H50: =VLOOKUP(C50,'판매현황-통합'!J:P,7,0) -> 1003 | I50: =+F50/24 -> 116.79167 | J50: =SUMIF(판매현황_2026!C:C,발주검토!C50,판매현황_2026!F:F)/4 -> 0 | K50: =+J50-I50 -> -116.79167 | L50: =IF(K50<0,"감소","증가") -> 감소 | M50: =VLOOKUP(C50,'판매현황-통합'!$J$1:$Q$1420,8,0) -> Fiberwit Link Communication Co.,LTD | N50: =VLOOKUP(M50,리드타임!$B$3:$D$10,3,0) -> 60 | O50: =I50*3 -> 350.375 | P50: =IFERROR(VLOOKUP(C50,재고현황!$A:$D,4,0),0) -> 1438 | Q50: =+P50/I50 -> 12.312522 | R50: =SUMIF(입고예정_260527!C:C,발주검토!C50,입고예정_260527!F:F) -> 0 | S50: =+(R50+P50)/O50 -> 4.1041741 | U50: =+(+T50+P50+R50-(I50*3))/I50 -> 9.3125223 | V50: A14-DB-N468
A51: 29 | B51: 48 | C51: 14-K-321 | D51: OJC-A1-SC/SC-SM-20-PC/PC-DP | E51: K9089142 | F51: =VLOOKUP(C51,'판매현황-통합'!$J$2:$M$1479,4,0) -> 3135 | G51: =VLOOKUP(C51,'판매현황-통합'!J:P,6,0) -> 2025/12 | H51: =VLOOKUP(C51,'판매현황-통합'!J:P,7,0) -> 861 | I51: =+F51/24 -> 130.625 | J51: =SUMIF(판매현황_2026!C:C,발주검토!C51,판매현황_2026!F:F)/4 -> 85.25 | K51: =+J51-I51 -> -45.375 | L51: =IF(K51<0,"감소","증가") -> 감소 | M51: =VLOOKUP(C51,'판매현황-통합'!$J$1:$Q$1420,8,0) -> Fiberwit Link Communication Co.,LTD | N51: =VLOOKUP(M51,리드타임!$B$3:$D$10,3,0) -> 60 | O51: =I51*3 -> 391.875 | P51: =IFERROR(VLOOKUP(C51,재고현황!$A:$D,4,0),0) -> 1291 | Q51: =+P51/I51 -> 9.8832536 | R51: =SUMIF(입고예정_260527!C:C,발주검토!C51,입고예정_260527!F:F) -> 0 | S51: =+(R51+P51)/O51 -> 3.2944179 | U51: =+(+T51+P51+R51-(I51*3))/I51 -> 6.8832536
A52: 60 | B52: 49 | C52: A14-DB-N307 | D52: DOJC-SM-LC/PC-SC/PC | E52: 908040859, 3M, B3, 3.0mm | F52: =VLOOKUP(C52,'판매현황-통합'!$J$2:$M$1479,4,0) -> 2999 | G52: =VLOOKUP(C52,'판매현황-통합'!J:P,6,0) -> 2024/07 | H52: =VLOOKUP(C52,'판매현황-통합'!J:P,7,0) -> 260 | I52: =+F52/24 -> 124.95833 | J52: =SUMIF(판매현황_2026!C:C,발주검토!C52,판매현황_2026!F:F)/4 -> 87.5 | K52: =+J52-I52 -> -37.458333 | L52: =IF(K52<0,"감소","증가") -> 감소 | M52: =VLOOKUP(C52,'판매현황-통합'!$J$1:$Q$1420,8,0) -> Fiberwit Link Communication Co.,LTD | N52: =VLOOKUP(M52,리드타임!$B$3:$D$10,3,0) -> 60 | O52: =I52*3 -> 374.875 | P52: =IFERROR(VLOOKUP(C52,재고현황!$A:$D,4,0),0) -> 314 | Q52: =+P52/I52 -> 2.5128376 | R52: =SUMIF(입고예정_260527!C:C,발주검토!C52,입고예정_260527!F:F) -> 500 | S52: =+(R52+P52)/O52 -> 2.1713905 | T52: =I52*9-R52 -> 624.625 | U52: =+(+T52+P52+R52-(I52*3))/I52 -> 8.5128376
A53: 128 | B53: 50 | C53: A14-SB-N239 | D53: SOJC-SM-SC/PC-SC/APC | E53: 908041421, 1M, B3, 3.0mm | F53: =VLOOKUP(C53,'판매현황-통합'!$J$2:$M$1479,4,0) -> 2818 | G53: =VLOOKUP(C53,'판매현황-통합'!J:P,6,0) -> 2024/07 | H53: =VLOOKUP(C53,'판매현황-통합'!J:P,7,0) -> 450 | I53: =+F53/24 -> 117.41667 | J53: =SUMIF(판매현황_2026!C:C,발주검토!C53,판매현황_2026!F:F)/4 -> 45 | K53: =+J53-I53 -> -72.416667 | L53: =IF(K53<0,"감소","증가") -> 감소 | M53: =VLOOKUP(C53,'판매현황-통합'!$J$1:$Q$1420,8,0) -> Fiberwit Link Communication Co.,LTD | N53: =VLOOKUP(M53,리드타임!$B$3:$D$10,3,0) -> 60 | O53: =I53*3 -> 352.25 | P53: =IFERROR(VLOOKUP(C53,재고현황!$A:$D,4,0),0) -> 494 | Q53: =+P53/I53 -> 4.2072392 | R53: =SUMIF(입고예정_260527!C:C,발주검토!C53,입고예정_260527!F:F) -> 500 | S53: =+(R53+P53)/O53 -> 2.8218595 | T53: =ROUND(+I53*9-P53-R53,-1) -> 60 | U53: =+(+T53+P53+R53-(I53*3))/I53 -> 5.9765791
A54: 57 | B54: 51 | C54: 14-K-107 | D54: OJC-A1-LC/LC-SM-5-PC/PC-DP | E54: K9089175 | F54: =VLOOKUP(C54,'판매현황-통합'!$J$2:$M$1479,4,0) -> 2472 | G54: =VLOOKUP(C54,'판매현황-통합'!J:P,6,0) -> 2024/04 | H54: =VLOOKUP(C54,'판매현황-통합'!J:P,7,0) -> 380 | I54: =+F54/24 -> 103 | J54: =SUMIF(판매현황_2026!C:C,발주검토!C54,판매현황_2026!F:F)/4 -> 13.25 | K54: =+J54-I54 -> -89.75 | L54: =IF(K54<0,"감소","증가") -> 감소 | M54: =VLOOKUP(C54,'판매현황-통합'!$J$1:$Q$1420,8,0) -> Fiberwit Link Communication Co.,LTD | N54: =VLOOKUP(M54,리드타임!$B$3:$D$10,3,0) -> 60 | O54: =I54*3 -> 309 | P54: =IFERROR(VLOOKUP(C54,재고현황!$A:$D,4,0),0) -> 458 | Q54: =+P54/I54 -> 4.4466019 | R54: =SUMIF(입고예정_260527!C:C,발주검토!C54,입고예정_260527!F:F) -> 0 | S54: =+(R54+P54)/O54 -> 1.4822006 | T54: 500 | U54: =+(+T54+P54+R54-(I54*3))/I54 -> 6.3009709
A55: 43 | B55: 52 | C55: 14-K-302 | D55: OJC-A1-SC/SC-SM-15-PC/PC-DP | E55: K9089137 | F55: =VLOOKUP(C55,'판매현황-통합'!$J$2:$M$1479,4,0) -> 2522 | G55: =VLOOKUP(C55,'판매현황-통합'!J:P,6,0) -> 2025/03 | H55: =VLOOKUP(C55,'판매현황-통합'!J:P,7,0) -> 750 | I55: =+F55/24 -> 105.08333 | J55: =SUMIF(판매현황_2026!C:C,발주검토!C55,판매현황_2026!F:F)/4 -> 32.5 | K55: =+J55-I55 -> -72.583333 | L55: =IF(K55<0,"감소","증가") -> 감소 | M55: =VLOOKUP(C55,'판매현황-통합'!$J$1:$Q$1420,8,0) -> Fiberwit Link Communication Co.,LTD | N55: =VLOOKUP(M55,리드타임!$B$3:$D$10,3,0) -> 60 | O55: =I55*3 -> 315.25 | P55: =IFERROR(VLOOKUP(C55,재고현황!$A:$D,4,0),0) -> 355 | Q55: =+P55/I55 -> 3.3782712 | R55: =SUMIF(입고예정_260527!C:C,발주검토!C55,입고예정_260527!F:F) -> 500 | S55: =+(R55+P55)/O55 -> 2.7121332 | T55: 100 | U55: =+(+T55+P55+R55-(I55*3))/I55 -> 6.0880254
A56: 28 | B56: 53 | C56: A14-DB-N241 | D56: DOJC-SM-LC/PC-LC/PC | E56: 908040712, 30M, B3, 2.0mm | F56: =VLOOKUP(C56,'판매현황-통합'!$J$2:$M$1479,4,0) -> 2711 | G56: =VLOOKUP(C56,'판매현황-통합'!J:P,6,0) -> 2024/02 | H56: =VLOOKUP(C56,'판매현황-통합'!J:P,7,0) -> 245 | I56: =+F56/24 -> 112.95833 | J56: =SUMIF(판매현황_2026!C:C,발주검토!C56,판매현황_2026!F:F)/4 -> 92 | K56: =+J56-I56 -> -20.958333 | L56: =IF(K56<0,"감소","증가") -> 감소 | M56: =VLOOKUP(C56,'판매현황-통합'!$J$1:$Q$1420,8,0) -> Fiberwit Link Communication Co.,LTD | N56: =VLOOKUP(M56,리드타임!$B$3:$D$10,3,0) -> 60 | O56: =I56*3 -> 338.875 | P56: =IFERROR(VLOOKUP(C56,재고현황!$A:$D,4,0),0) -> 7 | Q56: =+P56/I56 -> 0.061969753 | R56: =SUMIF(입고예정_260527!C:C,발주검토!C56,입고예정_260527!F:F) -> 500 | S56: =+(R56+P56)/O56 -> 1.4961269 | T56: 500 | U56: =+(+T56+P56+R56-(I56*3))/I56 -> 5.9147916
A57: 26 | B57: 54 | C57: 14-P-017 | D57: PIGTAIL-SC/PC-SM-12C (0.9mm) | E57: 1.5M_12색 | F57: =VLOOKUP(C57,'판매현황-통합'!$J$2:$M$1479,4,0) -> 2419 | G57: =VLOOKUP(C57,'판매현황-통합'!J:P,6,0) -> 2024/08 | H57: =VLOOKUP(C57,'판매현황-통합'!J:P,7,0) -> 1253 | I57: =+F57/24 -> 100.79167 | J57: =SUMIF(판매현황_2026!C:C,발주검토!C57,판매현황_2026!F:F)/4 -> 24 | K57: =+J57-I57 -> -76.791667 | L57: =IF(K57<0,"감소","증가") -> 감소 | M57: =VLOOKUP(C57,'판매현황-통합'!$J$1:$Q$1420,8,0) -> Fiberwit Link Communication Co.,LTD | N57: =VLOOKUP(M57,리드타임!$B$3:$D$10,3,0) -> 60 | O57: =I57*3 -> 302.375 | P57: =IFERROR(VLOOKUP(C57,재고현황!$A:$D,4,0),0) -> 412 | Q57: =+P57/I57 -> 4.0876395 | R57: =SUMIF(입고예정_260527!C:C,발주검토!C57,입고예정_260527!F:F) -> 0 | S57: =+(R57+P57)/O57 -> 1.3625465 | T57: 500 | U57: =+(+T57+P57+R57-(I57*3))/I57 -> 6.0483671
A58: 70 | B58: 55 | C58: 14-K-097 | D58: OJC-A1-LC/LC-SM-3-PC/PC-DP | E58: K9089173 | F58: =VLOOKUP(C58,'판매현황-통합'!$J$2:$M$1479,4,0) -> 2316 | G58: =VLOOKUP(C58,'판매현황-통합'!J:P,6,0) -> 2024/07 | H58: =VLOOKUP(C58,'판매현황-통합'!J:P,7,0) -> 488 | I58: =+F58/24 -> 96.5 | J58: =SUMIF(판매현황_2026!C:C,발주검토!C58,판매현황_2026!F:F)/4 -> 7 | K58: =+J58-I58 -> -89.5 | L58: =IF(K58<0,"감소","증가") -> 감소 | M58: =VLOOKUP(C58,'판매현황-통합'!$J$1:$Q$1420,8,0) -> Fiberwit Link Communication Co.,LTD | N58: =VLOOKUP(M58,리드타임!$B$3:$D$10,3,0) -> 60 | O58: =I58*3 -> 289.5 | P58: =IFERROR(VLOOKUP(C58,재고현황!$A:$D,4,0),0) -> 284 | Q58: =+P58/I58 -> 2.9430052 | R58: =SUMIF(입고예정_260527!C:C,발주검토!C58,입고예정_260527!F:F) -> 900 | S58: =+(R58+P58)/O58 -> 4.08981 | U58: =+(+T58+P58+R58-(I58*3))/I58 -> 9.2694301
A59: 126 | B59: 56 | C59: A14-SB-N099 | D59: SOJC-SM-LC/PC-LC/PC | E59: 908040260, 3M, B3, 3.0mm | F59: =VLOOKUP(C59,'판매현황-통합'!$J$2:$M$1479,4,0) -> 2387 | G59: =VLOOKUP(C59,'판매현황-통합'!J:P,6,0) -> 2024/04 | H59: =VLOOKUP(C59,'판매현황-통합'!J:P,7,0) -> 380 | I59: =+F59/24 -> 99.458333 | J59: =SUMIF(판매현황_2026!C:C,발주검토!C59,판매현황_2026!F:F)/4 -> 25 | K59: =+J59-I59 -> -74.458333 | L59: =IF(K59<0,"감소","증가") -> 감소 | M59: =VLOOKUP(C59,'판매현황-통합'!$J$1:$Q$1420,8,0) -> Fiberwit Link Communication Co.,LTD | N59: =VLOOKUP(M59,리드타임!$B$3:$D$10,3,0) -> 60 | O59: =I59*3 -> 298.375 | P59: =IFERROR(VLOOKUP(C59,재고현황!$A:$D,4,0),0) -> 211 | Q59: =+P59/I59 -> 2.1214914 | R59: =SUMIF(입고예정_260527!C:C,발주검토!C59,입고예정_260527!F:F) -> 200 | S59: =+(R59+P59)/O59 -> 1.3774612 | T59: =I59*9-R59 -> 695.125 | U59: =+(+T59+P59+R59-(I59*3))/I59 -> 8.1214914
A60: 63 | B60: 57 | C60: 14-K-205 | D60: OJC-A1-SC/LC-SM-20-PC/PC-SP | E60: K9089035 | F60: =VLOOKUP(C60,'판매현황-통합'!$J$2:$M$1479,4,0) -> 2612 | G60: =VLOOKUP(C60,'판매현황-통합'!J:P,6,0) -> 2024/03 | H60: =VLOOKUP(C60,'판매현황-통합'!J:P,7,0) -> 550 | I60: =+F60/24 -> 108.83333 | J60: =SUMIF(판매현황_2026!C:C,발주검토!C60,판매현황_2026!F:F)/4 -> 82.75 | K60: =+J60-I60 -> -26.083333 | L60: =IF(K60<0,"감소","증가") -> 감소 | M60: =VLOOKUP(C60,'판매현황-통합'!$J$1:$Q$1420,8,0) -> Fiberwit Link Communication Co.,LTD | N60: =VLOOKUP(M60,리드타임!$B$3:$D$10,3,0) -> 60 | O60: =I60*3 -> 326.5 | P60: =IFERROR(VLOOKUP(C60,재고현황!$A:$D,4,0),0) -> 190 | Q60: =+P60/I60 -> 1.7457887 | R60: =SUMIF(입고예정_260527!C:C,발주검토!C60,입고예정_260527!F:F) -> 400 | S60: =+(R60+P60)/O60 -> 1.8070444 | T60: 400 | U60: =+(+T60+P60+R60-(I60*3))/I60 -> 6.0964778
A61: 94 | B61: 58 | C61: 14-K-177 | D61: OJC-A1-SC/LC-SM-10-PC/PC-SP | E61: K9089033 | F61: =VLOOKUP(C61,'판매현황-통합'!$J$2:$M$1479,4,0) -> 2898 | G61: =VLOOKUP(C61,'판매현황-통합'!J:P,6,0) -> 2025/08 | H61: =VLOOKUP(C61,'판매현황-통합'!J:P,7,0) -> 392 | I61: =+F61/24 -> 120.75 | J61: =SUMIF(판매현황_2026!C:C,발주검토!C61,판매현황_2026!F:F)/4 -> 172.25 | K61: =+J61-I61 -> 51.5 | L61: =IF(K61<0,"감소","증가") -> 증가 | M61: =VLOOKUP(C61,'판매현황-통합'!$J$1:$Q$1420,8,0) -> Fiberwit Link Communication Co.,LTD | N61: =VLOOKUP(M61,리드타임!$B$3:$D$10,3,0) -> 60 | O61: =I61*3 -> 362.25 | P61: =IFERROR(VLOOKUP(C61,재고현황!$A:$D,4,0),0) -> 470 | Q61: =+P61/I61 -> 3.8923395 | R61: =SUMIF(입고예정_260527!C:C,발주검토!C61,입고예정_260527!F:F) -> 700 | S61: =+(R61+P61)/O61 -> 3.2298137 | U61: =+(+T61+P61+R61-(I61*3))/I61 -> 6.689441
A62: 96 | B62: 59 | C62: A14-SB-N260 | D62: SOJC-SM-SC/PC-SC/PC | E62: 908041404, 15M, B3, 2.0mm | F62: =VLOOKUP(C62,'판매현황-통합'!$J$2:$M$1479,4,0) -> 2357 | G62: =VLOOKUP(C62,'판매현황-통합'!J:P,6,0) -> 2024/07 | H62: =VLOOKUP(C62,'판매현황-통합'!J:P,7,0) -> 355 | I62: =+F62/24 -> 98.208333 | J62: =SUMIF(판매현황_2026!C:C,발주검토!C62,판매현황_2026!F:F)/4 -> 47.25 | K62: =+J62-I62 -> -50.958333 | L62: =IF(K62<0,"감소","증가") -> 감소 | M62: =VLOOKUP(C62,'판매현황-통합'!$J$1:$Q$1420,8,0) -> Fiberwit Link Communication Co.,LTD | N62: =VLOOKUP(M62,리드타임!$B$3:$D$10,3,0) -> 60 | O62: =I62*3 -> 294.625 | P62: =IFERROR(VLOOKUP(C62,재고현황!$A:$D,4,0),0) -> 176 | Q62: =+P62/I62 -> 1.7921086 | R62: =SUMIF(입고예정_260527!C:C,발주검토!C62,입고예정_260527!F:F) -> 310 | S62: =+(R62+P62)/O62 -> 1.6495545 | T62: =ROUND(+I62*9-P62-R62,-1) -> 400 | U62: =+(+T62+P62+R62-(I62*3))/I62 -> 6.0216377
A63: 80 | B63: 60 | C63: A14-DB-N253 | D63: DOJC-SM-LC/PC-LC/PC | E63: 908041001, 5M, B3, 3.0mm | F63: =VLOOKUP(C63,'판매현황-통합'!$J$2:$M$1479,4,0) -> 2260 | G63: =VLOOKUP(C63,'판매현황-통합'!J:P,6,0) -> 2024/02 | H63: =VLOOKUP(C63,'판매현황-통합'!J:P,7,0) -> 230 | I63: =+F63/24 -> 94.166667 | J63: =SUMIF(판매현황_2026!C:C,발주검토!C63,판매현황_2026!F:F)/4 -> 47.5 | K63: =+J63-I63 -> -46.666667 | L63: =IF(K63<0,"감소","증가") -> 감소 | M63: =VLOOKUP(C63,'판매현황-통합'!$J$1:$Q$1420,8,0) -> Fiberwit Link Communication Co.,LTD | N63: =VLOOKUP(M63,리드타임!$B$3:$D$10,3,0) -> 60 | O63: =I63*3 -> 282.5 | P63: =IFERROR(VLOOKUP(C63,재고현황!$A:$D,4,0),0) -> 518 | Q63: =+P63/I63 -> 5.500885 | R63: =SUMIF(입고예정_260527!C:C,발주검토!C63,입고예정_260527!F:F) -> 1180 | S63: =+(R63+P63)/O63 -> 6.0106195 | U63: =+(+T63+P63+R63-(I63*3))/I63 -> 15.031858
A64: 59 | B64: 61 | C64: 14-K-210 | D64: OJC-A1-SC/LC-SM-25-PC/PC-SP | E64: K9089036 | F64: =VLOOKUP(C64,'판매현황-통합'!$J$2:$M$1479,4,0) -> 2024 | G64: =VLOOKUP(C64,'판매현황-통합'!J:P,6,0) -> 2024/11 | H64: =VLOOKUP(C64,'판매현황-통합'!J:P,7,0) -> 2000 | I64: =+F64/24 -> 84.333333 | J64: =SUMIF(판매현황_2026!C:C,발주검토!C64,판매현황_2026!F:F)/4 -> 7 | K64: =+J64-I64 -> -77.333333 | L64: =IF(K64<0,"감소","증가") -> 감소 | M64: =VLOOKUP(C64,'판매현황-통합'!$J$1:$Q$1420,8,0) -> Fiberwit Link Communication Co.,LTD | N64: =VLOOKUP(M64,리드타임!$B$3:$D$10,3,0) -> 60 | O64: =I64*3 -> 253 | P64: =IFERROR(VLOOKUP(C64,재고현황!$A:$D,4,0),0) -> 235 | Q64: =+P64/I64 -> 2.7865613 | R64: =SUMIF(입고예정_260527!C:C,발주검토!C64,입고예정_260527!F:F) -> 300 | S64: =+(R64+P64)/O64 -> 2.1146245 | T64: =ROUND(+I64*9-P64-R64,-1) -> 220 | U64: =+(+T64+P64+R64-(I64*3))/I64 -> 5.9525692
A65: 86 | B65: 62 | C65: A14-SB-N094 | D65: SOJC-SM-LC/PC-LC/PC | E65: 908040279, 20M, B3, 2.0mm | F65: =VLOOKUP(C65,'판매현황-통합'!$J$2:$M$1479,4,0) -> 2119 | G65: =VLOOKUP(C65,'판매현황-통합'!J:P,6,0) -> 2024/07 | H65: =VLOOKUP(C65,'판매현황-통합'!J:P,7,0) -> 280 | I65: =+F65/24 -> 88.291667 | J65: =SUMIF(판매현황_2026!C:C,발주검토!C65,판매현황_2026!F:F)/4 -> 33.75 | K65: =+J65-I65 -> -54.541667 | L65: =IF(K65<0,"감소","증가") -> 감소 | M65: =VLOOKUP(C65,'판매현황-통합'!$J$1:$Q$1420,8,0) -> Fiberwit Link Communication Co.,LTD | N65: =VLOOKUP(M65,리드타임!$B$3:$D$10,3,0) -> 60 | O65: =I65*3 -> 264.875 | P65: =IFERROR(VLOOKUP(C65,재고현황!$A:$D,4,0),0) -> 200 | Q65: =+P65/I65 -> 2.2652194 | R65: =SUMIF(입고예정_260527!C:C,발주검토!C65,입고예정_260527!F:F) -> 250 | S65: =+(R65+P65)/O65 -> 1.6989146 | T65: =ROUND(+I65*9-P65-R65,-1) -> 340 | U65: =+(+T65+P65+R65-(I65*3))/I65 -> 5.9476168
A66: 100 | B66: 63 | C66: A14-DB-N240 | D66: DOJC-SM-LC/PC-LC/PC | E66: 908040999, 2M, B3, 3.0mm | F66: =VLOOKUP(C66,'판매현황-통합'!$J$2:$M$1479,4,0) -> 2450 | G66: =VLOOKUP(C66,'판매현황-통합'!J:P,6,0) -> 2024/02 | H66: =VLOOKUP(C66,'판매현황-통합'!J:P,7,0) -> 400 | I66: =+F66/24 -> 102.08333 | J66: =SUMIF(판매현황_2026!C:C,발주검토!C66,판매현황_2026!F:F)/4 -> 120 | K66: =+J66-I66 -> 17.916667 | L66: =IF(K66<0,"감소","증가") -> 증가 | M66: =VLOOKUP(C66,'판매현황-통합'!$J$1:$Q$1420,8,0) -> Fiberwit Link Communication Co.,LTD | N66: =VLOOKUP(M66,리드타임!$B$3:$D$10,3,0) -> 60 | O66: =I66*3 -> 306.25 | P66: =IFERROR(VLOOKUP(C66,재고현황!$A:$D,4,0),0) -> 200 | Q66: =+P66/I66 -> 1.9591837 | R66: =SUMIF(입고예정_260527!C:C,발주검토!C66,입고예정_260527!F:F) -> 700 | S66: =+(R66+P66)/O66 -> 2.9387755 | T66: =ROUND(+I66*9-P66-R66,-1) -> 20 | U66: =+(+T66+P66+R66-(I66*3))/I66 -> 6.0122449
A67: 48 | B67: 64 | C67: A14-D1-N035 | D67: DOJC-MM-LC/PC-LC/PC | E67: 920000792, 10M | F67: =VLOOKUP(C67,'판매현황-통합'!$J$2:$M$1479,4,0) -> 2179 | G67: =VLOOKUP(C67,'판매현황-통합'!J:P,6,0) -> 2024/02 | H67: =VLOOKUP(C67,'판매현황-통합'!J:P,7,0) -> 440 | I67: =+F67/24 -> 90.791667 | J67: =SUMIF(판매현황_2026!C:C,발주검토!C67,판매현황_2026!F:F)/4 -> 60.75 | K67: =+J67-I67 -> -30.041667 | L67: =IF(K67<0,"감소","증가") -> 감소 | M67: =VLOOKUP(C67,'판매현황-통합'!$J$1:$Q$1420,8,0) -> Fiberwit Link Communication Co.,LTD | N67: =VLOOKUP(M67,리드타임!$B$3:$D$10,3,0) -> 60 | O67: =I67*3 -> 272.375 | P67: =IFERROR(VLOOKUP(C67,재고현황!$A:$D,4,0),0) -> 175 | Q67: =+P67/I67 -> 1.9274897 | R67: =SUMIF(입고예정_260527!C:C,발주검토!C67,입고예정_260527!F:F) -> 500 | S67: =+(R67+P67)/O67 -> 2.478201 | T67: =I67*9-R67 -> 317.125 | U67: =+(+T67+P67+R67-(I67*3))/I67 -> 7.9274897
A68: 88 | B68: 65 | C68: 14-K-361 | D68: OJC-A1-SC/SC-SM-3-PC/PC-DP | E68: K9089125 | F68: =VLOOKUP(C68,'판매현황-통합'!$J$2:$M$1479,4,0) -> 1932 | G68: =VLOOKUP(C68,'판매현황-통합'!J:P,6,0) -> 2024/10 | H68: =VLOOKUP(C68,'판매현황-통합'!J:P,7,0) -> 510 | I68: =+F68/24 -> 80.5 | J68: =SUMIF(판매현황_2026!C:C,발주검토!C68,판매현황_2026!F:F)/4 -> 13.25 | K68: =+J68-I68 -> -67.25 | L68: =IF(K68<0,"감소","증가") -> 감소 | M68: =VLOOKUP(C68,'판매현황-통합'!$J$1:$Q$1420,8,0) -> Fiberwit Link Communication Co.,LTD | N68: =VLOOKUP(M68,리드타임!$B$3:$D$10,3,0) -> 60 | O68: =I68*3 -> 241.5 | P68: =IFERROR(VLOOKUP(C68,재고현황!$A:$D,4,0),0) -> 651 | Q68: =+P68/I68 -> 8.0869565 | R68: =SUMIF(입고예정_260527!C:C,발주검토!C68,입고예정_260527!F:F) -> 100 | S68: =+(R68+P68)/O68 -> 3.1097308 | U68: =+(+T68+P68+R68-(I68*3))/I68 -> 6.3291925
A69: 40 | B69: 66 | C69: A14-DB-N166 | D69: DOJC-SM-LC/PC-FC/APC | E69: 908040896, 20M, B3, 2.0mm | F69: =VLOOKUP(C69,'판매현황-통합'!$J$2:$M$1479,4,0) -> 2256 | G69: =VLOOKUP(C69,'판매현황-통합'!J:P,6,0) -> 2025/02 | H69: =VLOOKUP(C69,'판매현황-통합'!J:P,7,0) -> 205 | I69: =+F69/24 -> 94 | J69: =SUMIF(판매현황_2026!C:C,발주검토!C69,판매현황_2026!F:F)/4 -> 96.5 | K69: =+J69-I69 -> 2.5 | L69: =IF(K69<0,"감소","증가") -> 증가 | M69: =VLOOKUP(C69,'판매현황-통합'!$J$1:$Q$1420,8,0) -> Fiberwit Link Communication Co.,LTD | N69: =VLOOKUP(M69,리드타임!$B$3:$D$10,3,0) -> 60 | O69: =I69*3 -> 282 | P69: =IFERROR(VLOOKUP(C69,재고현황!$A:$D,4,0),0) -> 56 | Q69: =+P69/I69 -> 0.59574468 | R69: =SUMIF(입고예정_260527!C:C,발주검토!C69,입고예정_260527!F:F) -> 400 | S69: =+(R69+P69)/O69 -> 1.6170213 | T69: =ROUND(+I69*9-P69-R69,-1) -> 390 | U69: =+(+T69+P69+R69-(I69*3))/I69 -> 6
A70: 67 | B70: 67 | C70: A14-DB-N464 | D70: DOJC-SM-SC/PC-SC/PC | E70: 908040230, 10M, B3, 2.0mm | F70: =VLOOKUP(C70,'판매현황-통합'!$J$2:$M$1479,4,0) -> 2036 | G70: =VLOOKUP(C70,'판매현황-통합'!J:P,6,0) -> 2024/04 | H70: =VLOOKUP(C70,'판매현황-통합'!J:P,7,0) -> 210 | I70: =+F70/24 -> 84.833333 | J70: =SUMIF(판매현황_2026!C:C,발주검토!C70,판매현황_2026!F:F)/4 -> 45.25 | K70: =+J70-I70 -> -39.583333 | L70: =IF(K70<0,"감소","증가") -> 감소 | M70: =VLOOKUP(C70,'판매현황-통합'!$J$1:$Q$1420,8,0) -> Fiberwit Link Communication Co.,LTD | N70: =VLOOKUP(M70,리드타임!$B$3:$D$10,3,0) -> 60 | O70: =I70*3 -> 254.5 | P70: =IFERROR(VLOOKUP(C70,재고현황!$A:$D,4,0),0) -> 328 | Q70: =+P70/I70 -> 3.8664047 | R70: =SUMIF(입고예정_260527!C:C,발주검토!C70,입고예정_260527!F:F) -> 300 | S70: =+(R70+P70)/O70 -> 2.4675835 | T70: =ROUND(+I70*9-P70-R70,-1) -> 140 | U70: =+(+T70+P70+R70-(I70*3))/I70 -> 6.0530452
A71: 118 | B71: 68 | C71: 14-K-226 | D71: OJC-A1-SC/LC-SM-3-PC/PC-SP | E71: K9089030 | F71: =VLOOKUP(C71,'판매현황-통합'!$J$2:$M$1479,4,0) -> 2272 | G71: =VLOOKUP(C71,'판매현황-통합'!J:P,6,0) -> 2024/10 | H71: =VLOOKUP(C71,'판매현황-통합'!J:P,7,0) -> 674 | I71: =+F71/24 -> 94.666667 | J71: =SUMIF(판매현황_2026!C:C,발주검토!C71,판매현황_2026!F:F)/4 -> 106.25 | K71: =+J71-I71 -> 11.583333 | L71: =IF(K71<0,"감소","증가") -> 증가 | M71: =VLOOKUP(C71,'판매현황-통합'!$J$1:$Q$1420,8,0) -> Fiberwit Link Communication Co.,LTD | N71: =VLOOKUP(M71,리드타임!$B$3:$D$10,3,0) -> 60 | O71: =I71*3 -> 284 | P71: =IFERROR(VLOOKUP(C71,재고현황!$A:$D,4,0),0) -> 439 | Q71: =+P71/I71 -> 4.6373239 | R71: =SUMIF(입고예정_260527!C:C,발주검토!C71,입고예정_260527!F:F) -> 0 | S71: =+(R71+P71)/O71 -> 1.5457746 | T71: 450 | U71: =+(+T71+P71+R71-(I71*3))/I71 -> 6.3908451
A72: 124 | B72: 69 | C72: A14-SB-N146 | D72: SOJC-SM-LC/PC-SC/PC | E72: 908040161, 3M, B3, 3.0mm | F72: =VLOOKUP(C72,'판매현황-통합'!$J$2:$M$1479,4,0) -> 2088 | G72: =VLOOKUP(C72,'판매현황-통합'!J:P,6,0) -> 2024/02 | H72: =VLOOKUP(C72,'판매현황-통합'!J:P,7,0) -> 350 | I72: =+F72/24 -> 87 | J72: =SUMIF(판매현황_2026!C:C,발주검토!C72,판매현황_2026!F:F)/4 -> 67.5 | K72: =+J72-I72 -> -19.5 | L72: =IF(K72<0,"감소","증가") -> 감소 | M72: =VLOOKUP(C72,'판매현황-통합'!$J$1:$Q$1420,8,0) -> Fiberwit Link Communication Co.,LTD | N72: =VLOOKUP(M72,리드타임!$B$3:$D$10,3,0) -> 60 | O72: =I72*3 -> 261 | P72: =IFERROR(VLOOKUP(C72,재고현황!$A:$D,4,0),0) -> 220 | Q72: =+P72/I72 -> 2.5287356 | R72: =SUMIF(입고예정_260527!C:C,발주검토!C72,입고예정_260527!F:F) -> 120 | S72: =+(R72+P72)/O72 -> 1.302682 | T72: 450 | U72: =+(+T72+P72+R72-(I72*3))/I72 -> 6.0804598
A73: 89 | B73: 70 | C73: 14-K-337 | D73: OJC-A1-SC/SC-SM-25-PC/PC-SP | E73: K9089018 | F73: =VLOOKUP(C73,'판매현황-통합'!$J$2:$M$1479,4,0) -> 1958 | G73: =VLOOKUP(C73,'판매현황-통합'!J:P,6,0) -> 2025/08 | H73: =VLOOKUP(C73,'판매현황-통합'!J:P,7,0) -> 402 | I73: =+F73/24 -> 81.583333 | J73: =SUMIF(판매현황_2026!C:C,발주검토!C73,판매현황_2026!F:F)/4 -> 45.75 | K73: =+J73-I73 -> -35.833333 | L73: =IF(K73<0,"감소","증가") -> 감소 | M73: =VLOOKUP(C73,'판매현황-통합'!$J$1:$Q$1420,8,0) -> Fiberwit Link Communication Co.,LTD | N73: =VLOOKUP(M73,리드타임!$B$3:$D$10,3,0) -> 60 | O73: =I73*3 -> 244.75 | P73: =IFERROR(VLOOKUP(C73,재고현황!$A:$D,4,0),0) -> 337 | Q73: =+P73/I73 -> 4.1307457 | R73: =SUMIF(입고예정_260527!C:C,발주검토!C73,입고예정_260527!F:F) -> 700 | S73: =+(R73+P73)/O73 -> 4.2369765 | U73: =+(+T73+P73+R73-(I73*3))/I73 -> 9.7109295
A74: 69 | B74: 71 | C74: 14-K-189 | D74: OJC-A1-SC/LC-SM-15-PC/PC-SP | E74: K9089034 | F74: =VLOOKUP(C74,'판매현황-통합'!$J$2:$M$1479,4,0) -> 2088 | G74: =VLOOKUP(C74,'판매현황-통합'!J:P,6,0) -> 2024/12 | H74: =VLOOKUP(C74,'판매현황-통합'!J:P,7,0) -> 489 | I74: =+F74/24 -> 87 | J74: =SUMIF(판매현황_2026!C:C,발주검토!C74,판매현황_2026!F:F)/4 -> 81 | K74: =+J74-I74 -> -6 | L74: =IF(K74<0,"감소","증가") -> 감소 | M74: =VLOOKUP(C74,'판매현황-통합'!$J$1:$Q$1420,8,0) -> Fiberwit Link Communication Co.,LTD | N74: =VLOOKUP(M74,리드타임!$B$3:$D$10,3,0) -> 60 | O74: =I74*3 -> 261 | P74: =IFERROR(VLOOKUP(C74,재고현황!$A:$D,4,0),0) -> 225 | Q74: =+P74/I74 -> 2.5862069 | R74: =SUMIF(입고예정_260527!C:C,발주검토!C74,입고예정_260527!F:F) -> 3000 | S74: =+(R74+P74)/O74 -> 12.356322 | U74: =+(+T74+P74+R74-(I74*3))/I74 -> 34.068966
A75: 73 | B75: 72 | C75: A14-DB-N258 | D75: DOJC-SM-LC/PC-LC/PC | E75: 908041003, 7M, B3, 2.0mm | F75: =VLOOKUP(C75,'판매현황-통합'!$J$2:$M$1479,4,0) -> 1996 | G75: =VLOOKUP(C75,'판매현황-통합'!J:P,6,0) -> 2024/04 | H75: =VLOOKUP(C75,'판매현황-통합'!J:P,7,0) -> 195 | I75: =+F75/24 -> 83.166667 | J75: =SUMIF(판매현황_2026!C:C,발주검토!C75,판매현황_2026!F:F)/4 -> 65.25 | K75: =+J75-I75 -> -17.916667 | L75: =IF(K75<0,"감소","증가") -> 감소 | M75: =VLOOKUP(C75,'판매현황-통합'!$J$1:$Q$1420,8,0) -> Fiberwit Link Communication Co.,LTD | N75: =VLOOKUP(M75,리드타임!$B$3:$D$10,3,0) -> 60 | O75: =I75*3 -> 249.5 | P75: =IFERROR(VLOOKUP(C75,재고현황!$A:$D,4,0),0) -> 495 | Q75: =+P75/I75 -> 5.9519038 | R75: =SUMIF(입고예정_260527!C:C,발주검토!C75,입고예정_260527!F:F) -> 200 | S75: =+(R75+P75)/O75 -> 2.7855711 | T75: =ROUND(+I75*9-P75-R75,-1) -> 50 | U75: =+(+T75+P75+R75-(I75*3))/I75 -> 5.9579158
A76: 82 | B76: 73 | C76: A14-SB-N139 | D76: SOJC-SM-LC/PC-SC/PC | E76: 908040180, 20M, B3, 2.0mm | F76: =VLOOKUP(C76,'판매현황-통합'!$J$2:$M$1479,4,0) -> 2196 | G76: =VLOOKUP(C76,'판매현황-통합'!J:P,6,0) -> 2024/06 | H76: =VLOOKUP(C76,'판매현황-통합'!J:P,7,0) -> 196 | I76: =+F76/24 -> 91.5 | J76: =SUMIF(판매현황_2026!C:C,발주검토!C76,판매현황_2026!F:F)/4 -> 136 | K76: =+J76-I76 -> 44.5 | L76: =IF(K76<0,"감소","증가") -> 증가 | M76: =VLOOKUP(C76,'판매현황-통합'!$J$1:$Q$1420,8,0) -> Fiberwit Link Communication Co.,LTD | N76: =VLOOKUP(M76,리드타임!$B$3:$D$10,3,0) -> 60 | O76: =I76*3 -> 274.5 | P76: =IFERROR(VLOOKUP(C76,재고현황!$A:$D,4,0),0) -> 80 | Q76: =+P76/I76 -> 0.87431694 | R76: =SUMIF(입고예정_260527!C:C,발주검토!C76,입고예정_260527!F:F) -> 0 | S76: =+(R76+P76)/O76 -> 0.29143898 | T76: =I76*9-R76 -> 823.5 | U76: =+(+T76+P76+R76-(I76*3))/I76 -> 6.8743169
A77: 75 | B77: 74 | C77: 14-K-378 | D77: OJC-A1-SC/SC-SM-5-PC/PC-DP | E77: K9089127 | F77: =VLOOKUP(C77,'판매현황-통합'!$J$2:$M$1479,4,0) -> 1848 | G77: =VLOOKUP(C77,'판매현황-통합'!J:P,6,0) -> 2025/12 | H77: =VLOOKUP(C77,'판매현황-통합'!J:P,7,0) -> 868 | I77: =+F77/24 -> 77 | J77: =SUMIF(판매현황_2026!C:C,발주검토!C77,판매현황_2026!F:F)/4 -> 60 | K77: =+J77-I77 -> -17 | L77: =IF(K77<0,"감소","증가") -> 감소 | M77: =VLOOKUP(C77,'판매현황-통합'!$J$1:$Q$1420,8,0) -> Fiberwit Link Communication Co.,LTD | N77: =VLOOKUP(M77,리드타임!$B$3:$D$10,3,0) -> 60 | O77: =I77*3 -> 231 | P77: =IFERROR(VLOOKUP(C77,재고현황!$A:$D,4,0),0) -> 390 | Q77: =+P77/I77 -> 5.0649351 | R77: =SUMIF(입고예정_260527!C:C,발주검토!C77,입고예정_260527!F:F) -> 350 | S77: =+(R77+P77)/O77 -> 3.2034632 | U77: =+(+T77+P77+R77-(I77*3))/I77 -> 6.6103896
A78: 66 | B78: 75 | C78: A14-DB-N157 | D78: DOJC-SM-LC/PC-FC/APC | E78: 908040532, 10M, B3, 2.0mm | F78: =VLOOKUP(C78,'판매현황-통합'!$J$2:$M$1479,4,0) -> 2018 | G78: =VLOOKUP(C78,'판매현황-통합'!J:P,6,0) -> 2024/02 | H78: =VLOOKUP(C78,'판매현황-통합'!J:P,7,0) -> 245 | I78: =+F78/24 -> 84.083333 | J78: =SUMIF(판매현황_2026!C:C,발주검토!C78,판매현황_2026!F:F)/4 -> 103.75 | K78: =+J78-I78 -> 19.666667 | L78: =IF(K78<0,"감소","증가") -> 증가 | M78: =VLOOKUP(C78,'판매현황-통합'!$J$1:$Q$1420,8,0) -> Fiberwit Link Communication Co.,LTD | N78: =VLOOKUP(M78,리드타임!$B$3:$D$10,3,0) -> 60 | O78: =I78*3 -> 252.25 | P78: =IFERROR(VLOOKUP(C78,재고현황!$A:$D,4,0),0) -> -55 | Q78: =+P78/I78 -> -0.65411298 | R78: =SUMIF(입고예정_260527!C:C,발주검토!C78,입고예정_260527!F:F) -> 570 | S78: =+(R78+P78)/O78 -> 2.0416254 | T78: 250 | U78: =+(+T78+P78+R78-(I78*3))/I78 -> 6.0981169
A79: 50 | B79: 76 | C79: 14-K-336 | D79: OJC-A1-SC/SC-SM-25-PC/PC-DP | E79: K9089147 | F79: =VLOOKUP(C79,'판매현황-통합'!$J$2:$M$1479,4,0) -> 1562 | G79: =VLOOKUP(C79,'판매현황-통합'!J:P,6,0) -> 2024/03 | H79: =VLOOKUP(C79,'판매현황-통합'!J:P,7,0) -> 550 | I79: =+F79/24 -> 65.083333 | J79: =SUMIF(판매현황_2026!C:C,발주검토!C79,판매현황_2026!F:F)/4 -> 1.25 | K79: =+J79-I79 -> -63.833333 | L79: =IF(K79<0,"감소","증가") -> 감소 | M79: =VLOOKUP(C79,'판매현황-통합'!$J$1:$Q$1420,8,0) -> Fiberwit Link Communication Co.,LTD | N79: =VLOOKUP(M79,리드타임!$B$3:$D$10,3,0) -> 60 | O79: =I79*3 -> 195.25 | P79: =IFERROR(VLOOKUP(C79,재고현황!$A:$D,4,0),0) -> 754 | Q79: =+P79/I79 -> 11.585147 | R79: =SUMIF(입고예정_260527!C:C,발주검토!C79,입고예정_260527!F:F) -> 0 | S79: =+(R79+P79)/O79 -> 3.8617157 | U79: =+(+T79+P79+R79-(I79*3))/I79 -> 8.5851472
A80: 47 | B80: 77 | C80: A14-D1-N040 | D80: DOJC-MM-LC/PC-LC/PC | E80: 920000797, 15M | F80: =VLOOKUP(C80,'판매현황-통합'!$J$2:$M$1479,4,0) -> 1833 | G80: =VLOOKUP(C80,'판매현황-통합'!J:P,6,0) -> 2024/10 | H80: =VLOOKUP(C80,'판매현황-통합'!J:P,7,0) -> 199 | I80: =+F80/24 -> 76.375 | J80: =SUMIF(판매현황_2026!C:C,발주검토!C80,판매현황_2026!F:F)/4 -> 69 | K80: =+J80-I80 -> -7.375 | L80: =IF(K80<0,"감소","증가") -> 감소 | M80: =VLOOKUP(C80,'판매현황-통합'!$J$1:$Q$1420,8,0) -> Fiberwit Link Communication Co.,LTD | N80: =VLOOKUP(M80,리드타임!$B$3:$D$10,3,0) -> 60 | O80: =I80*3 -> 229.125 | P80: =IFERROR(VLOOKUP(C80,재고현황!$A:$D,4,0),0) -> 212 | Q80: =+P80/I80 -> 2.7757774 | R80: =SUMIF(입고예정_260527!C:C,발주검토!C80,입고예정_260527!F:F) -> 250 | S80: =+(R80+P80)/O80 -> 2.0163666 | T80: =I80*9-R80 -> 437.375 | U80: =+(+T80+P80+R80-(I80*3))/I80 -> 8.7757774
A81: 130 | B81: 78 | C81: 14-K-B440 | D81: OJC-A1-SC/SC-SM-10-PC/PC-SP | E81: K9089003_포앤티 | F81: =VLOOKUP(C81,'판매현황-통합'!$J$2:$M$1479,4,0) -> 1550 | G81: =VLOOKUP(C81,'판매현황-통합'!J:P,6,0) -> 2024/10 | H81: =VLOOKUP(C81,'판매현황-통합'!J:P,7,0) -> 1550 | I81: =+F81/24 -> 64.583333 | J81: =SUMIF(판매현황_2026!C:C,발주검토!C81,판매현황_2026!F:F)/4 -> 0 | K81: =+J81-I81 -> -64.583333 | L81: =IF(K81<0,"감소","증가") -> 감소 | M81: =VLOOKUP(C81,'판매현황-통합'!$J$1:$Q$1420,8,0) -> Fiberwit Link Communication Co.,LTD | N81: =VLOOKUP(M81,리드타임!$B$3:$D$10,3,0) -> 60 | O81: =I81*3 -> 193.75 | P81: =IFERROR(VLOOKUP(C81,재고현황!$A:$D,4,0),0) -> 0 | Q81: =+P81/I81 -> 0 | R81: =SUMIF(입고예정_260527!C:C,발주검토!C81,입고예정_260527!F:F) -> 0 | S81: =+(R81+P81)/O81 -> 0 | U81: =+(+T81+P81+R81-(I81*3))/I81 -> -3 | V81: A14-SB-N210
A82: 111 | B82: 79 | C82: A14-DB-N467 | D82: DOJC-SM-SC/PC-SC/PC | E82: 908040222, 1M, B3, 3.0mm | F82: =VLOOKUP(C82,'판매현황-통합'!$J$2:$M$1479,4,0) -> 1722 | G82: =VLOOKUP(C82,'판매현황-통합'!J:P,6,0) -> 2025/03 | H82: =VLOOKUP(C82,'판매현황-통합'!J:P,7,0) -> 410 | I82: =+F82/24 -> 71.75 | J82: =SUMIF(판매현황_2026!C:C,발주검토!C82,판매현황_2026!F:F)/4 -> 45 | K82: =+J82-I82 -> -26.75 | L82: =IF(K82<0,"감소","증가") -> 감소 | M82: =VLOOKUP(C82,'판매현황-통합'!$J$1:$Q$1420,8,0) -> Fiberwit Link Communication Co.,LTD | N82: =VLOOKUP(M82,리드타임!$B$3:$D$10,3,0) -> 60 | O82: =I82*3 -> 215.25 | P82: =IFERROR(VLOOKUP(C82,재고현황!$A:$D,4,0),0) -> 180 | Q82: =+P82/I82 -> 2.5087108 | R82: =SUMIF(입고예정_260527!C:C,발주검토!C82,입고예정_260527!F:F) -> 700 | S82: =+(R82+P82)/O82 -> 4.0882695 | U82: =+(+T82+P82+R82-(I82*3))/I82 -> 9.2648084
A83: 42 | B83: 80 | C83: 14-K-217 | D83: OJC-A1-SC/LC-SM-30-PC/PC-DP | E83: K9089166 | F83: =VLOOKUP(C83,'판매현황-통합'!$J$2:$M$1479,4,0) -> 1716 | G83: =VLOOKUP(C83,'판매현황-통합'!J:P,6,0) -> 2024/01 | H83: =VLOOKUP(C83,'판매현황-통합'!J:P,7,0) -> 300 | I83: =+F83/24 -> 71.5 | J83: =SUMIF(판매현황_2026!C:C,발주검토!C83,판매현황_2026!F:F)/4 -> 44 | K83: =+J83-I83 -> -27.5 | L83: =IF(K83<0,"감소","증가") -> 감소 | M83: =VLOOKUP(C83,'판매현황-통합'!$J$1:$Q$1420,8,0) -> Fiberwit Link Communication Co.,LTD | N83: =VLOOKUP(M83,리드타임!$B$3:$D$10,3,0) -> 60 | O83: =I83*3 -> 214.5 | P83: =IFERROR(VLOOKUP(C83,재고현황!$A:$D,4,0),0) -> 120 | Q83: =+P83/I83 -> 1.6783217 | R83: =SUMIF(입고예정_260527!C:C,발주검토!C83,입고예정_260527!F:F) -> 400 | S83: =+(R83+P83)/O83 -> 2.4242424 | T83: 130 | U83: =+(+T83+P83+R83-(I83*3))/I83 -> 6.0909091
A84: 104 | B84: 81 | C84: 14-K-093 | D84: OJC-A1-LC/LC-SM-2-PC/PC-DP | E84: K9089172 | F84: =VLOOKUP(C84,'판매현황-통합'!$J$2:$M$1479,4,0) -> 1573 | G84: =VLOOKUP(C84,'판매현황-통합'!J:P,6,0) -> 2024/04 | H84: =VLOOKUP(C84,'판매현황-통합'!J:P,7,0) -> 415 | I84: =+F84/24 -> 65.541667 | J84: =SUMIF(판매현황_2026!C:C,발주검토!C84,판매현황_2026!F:F)/4 -> 16 | K84: =+J84-I84 -> -49.541667 | L84: =IF(K84<0,"감소","증가") -> 감소 | M84: =VLOOKUP(C84,'판매현황-통합'!$J$1:$Q$1420,8,0) -> Fiberwit Link Communication Co.,LTD | N84: =VLOOKUP(M84,리드타임!$B$3:$D$10,3,0) -> 60 | O84: =I84*3 -> 196.625 | P84: =IFERROR(VLOOKUP(C84,재고현황!$A:$D,4,0),0) -> 592 | Q84: =+P84/I84 -> 9.0324221 | R84: =SUMIF(입고예정_260527!C:C,발주검토!C84,입고예정_260527!F:F) -> 0 | S84: =+(R84+P84)/O84 -> 3.0108074 | U84: =+(+T84+P84+R84-(I84*3))/I84 -> 6.0324221
A85: 163 | B85: 82 | C85: 14-K-856 | D85: OJC-A1-SC/SC-SM-1-PC/PC-SP | E85: K9088994_청색 | F85: =VLOOKUP(C85,'판매현황-통합'!$J$2:$M$1479,4,0) -> 4500 | G85: =VLOOKUP(C85,'판매현황-통합'!J:P,6,0) -> 2024/12 | H85: =VLOOKUP(C85,'판매현황-통합'!J:P,7,0) -> 3000 | I85: =+F85/24 -> 187.5 | J85: =SUMIF(판매현황_2026!C:C,발주검토!C85,판매현황_2026!F:F)/4 -> 750 | K85: =+J85-I85 -> 562.5 | L85: =IF(K85<0,"감소","증가") -> 증가 | M85: =VLOOKUP(C85,'판매현황-통합'!$J$1:$Q$1420,8,0) -> Fiberwit Link Communication Co.,LTD | N85: =VLOOKUP(M85,리드타임!$B$3:$D$10,3,0) -> 60 | O85: =I85*3 -> 562.5 | P85: =IFERROR(VLOOKUP(C85,재고현황!$A:$D,4,0),0) -> 3500 | Q85: =+P85/I85 -> 18.666667 | R85: =SUMIF(입고예정_260527!C:C,발주검토!C85,입고예정_260527!F:F) -> 0 | S85: =+(R85+P85)/O85 -> 6.2222222 | U85: =+(+T85+P85+R85-(I85*3))/I85 -> 15.666667
A86: 65 | B86: 83 | C86: A14-DB-N400 | D86: DOJC-SM-SC/PC-FC/APC | E86: 908040447, 15M, B3, 2.0mm | F86: =VLOOKUP(C86,'판매현황-통합'!$J$2:$M$1479,4,0) -> 1932 | G86: =VLOOKUP(C86,'판매현황-통합'!J:P,6,0) -> 2024/04 | H86: =VLOOKUP(C86,'판매현황-통합'!J:P,7,0) -> 225 | I86: =+F86/24 -> 80.5 | J86: =SUMIF(판매현황_2026!C:C,발주검토!C86,판매현황_2026!F:F)/4 -> 116 | K86: =+J86-I86 -> 35.5 | L86: =IF(K86<0,"감소","증가") -> 증가 | M86: =VLOOKUP(C86,'판매현황-통합'!$J$1:$Q$1420,8,0) -> Fiberwit Link Communication Co.,LTD | N86: =VLOOKUP(M86,리드타임!$B$3:$D$10,3,0) -> 60 | O86: =I86*3 -> 241.5 | P86: =IFERROR(VLOOKUP(C86,재고현황!$A:$D,4,0),0) -> 155 | Q86: =+P86/I86 -> 1.9254658 | R86: =SUMIF(입고예정_260527!C:C,발주검토!C86,입고예정_260527!F:F) -> 300 | S86: =+(R86+P86)/O86 -> 1.884058 | T86: =I86*9-R86 -> 424.5 | U86: =+(+T86+P86+R86-(I86*3))/I86 -> 7.9254658
A87: 51 | B87: 84 | C87: 14-K-091 | D87: OJC-A1-LC/LC-SM-25-PC/PC-DP | E87: K9089179 | F87: =VLOOKUP(C87,'판매현황-통합'!$J$2:$M$1479,4,0) -> 1532 | G87: =VLOOKUP(C87,'판매현황-통합'!J:P,6,0) -> 2024/03 | H87: =VLOOKUP(C87,'판매현황-통합'!J:P,7,0) -> 305 | I87: =+F87/24 -> 63.833333 | J87: =SUMIF(판매현황_2026!C:C,발주검토!C87,판매현황_2026!F:F)/4 -> 20.5 | K87: =+J87-I87 -> -43.333333 | L87: =IF(K87<0,"감소","증가") -> 감소 | M87: =VLOOKUP(C87,'판매현황-통합'!$J$1:$Q$1420,8,0) -> Fiberwit Link Communication Co.,LTD | N87: =VLOOKUP(M87,리드타임!$B$3:$D$10,3,0) -> 60 | O87: =I87*3 -> 191.5 | P87: =IFERROR(VLOOKUP(C87,재고현황!$A:$D,4,0),0) -> 205 | Q87: =+P87/I87 -> 3.2114883 | R87: =SUMIF(입고예정_260527!C:C,발주검토!C87,입고예정_260527!F:F) -> 200 | S87: =+(R87+P87)/O87 -> 2.1148825 | T87: =ROUND(+I87*9-P87-R87,-1) -> 170 | U87: =+(+T87+P87+R87-(I87*3))/I87 -> 6.0078329
A88: 97 | B88: 85 | C88: 14-K-085 | D88: OJC-A1-LC/LC-SM-1-PC/PC-DP | E88: K9089171 | F88: =VLOOKUP(C88,'판매현황-통합'!$J$2:$M$1479,4,0) -> 1486 | G88: =VLOOKUP(C88,'판매현황-통합'!J:P,6,0) -> 2025/10 | H88: =VLOOKUP(C88,'판매현황-통합'!J:P,7,0) -> 344 | I88: =+F88/24 -> 61.916667 | J88: =SUMIF(판매현황_2026!C:C,발주검토!C88,판매현황_2026!F:F)/4 -> 10 | K88: =+J88-I88 -> -51.916667 | L88: =IF(K88<0,"감소","증가") -> 감소 | M88: =VLOOKUP(C88,'판매현황-통합'!$J$1:$Q$1420,8,0) -> Fiberwit Link Communication Co.,LTD | N88: =VLOOKUP(M88,리드타임!$B$3:$D$10,3,0) -> 60 | O88: =I88*3 -> 185.75 | P88: =IFERROR(VLOOKUP(C88,재고현황!$A:$D,4,0),0) -> 4 | Q88: =+P88/I88 -> 0.064602961 | R88: =SUMIF(입고예정_260527!C:C,발주검토!C88,입고예정_260527!F:F) -> 300 | S88: =+(R88+P88)/O88 -> 1.6366083 | T88: 300 | U88: =+(+T88+P88+R88-(I88*3))/I88 -> 6.7550471
A89: 147 | B89: 86 | C89: A14-SB-N273 | D89: SOJC-SM-SC/PC-SC/PC | E89: 908041396, 7M, B3, 2.0mm | F89: =VLOOKUP(C89,'판매현황-통합'!$J$2:$M$1479,4,0) -> 1655 | G89: =VLOOKUP(C89,'판매현황-통합'!J:P,6,0) -> 2024/01 | H89: =VLOOKUP(C89,'판매현황-통합'!J:P,7,0) -> 200 | I89: =+F89/24 -> 68.958333 | J89: =SUMIF(판매현황_2026!C:C,발주검토!C89,판매현황_2026!F:F)/4 -> 62.25 | K89: =+J89-I89 -> -6.7083333 | L89: =IF(K89<0,"감소","증가") -> 감소 | M89: =VLOOKUP(C89,'판매현황-통합'!$J$1:$Q$1420,8,0) -> Fiberwit Link Communication Co.,LTD | N89: =VLOOKUP(M89,리드타임!$B$3:$D$10,3,0) -> 60 | O89: =I89*3 -> 206.875 | P89: =IFERROR(VLOOKUP(C89,재고현황!$A:$D,4,0),0) -> 51 | Q89: =+P89/I89 -> 0.73957704 | R89: =SUMIF(입고예정_260527!C:C,발주검토!C89,입고예정_260527!F:F) -> 200 | S89: =+(R89+P89)/O89 -> 1.2132931 | T89: 400 | U89: =+(+T89+P89+R89-(I89*3))/I89 -> 6.4404834
A90: 56 | B90: 87 | C90: 14-K-352 | D90: OJC-A1-SC/SC-SM-30-PC/PC-DP | E90: K9089152 | F90: =VLOOKUP(C90,'판매현황-통합'!$J$2:$M$1479,4,0) -> 1394 | G90: =VLOOKUP(C90,'판매현황-통합'!J:P,6,0) -> 2024/05 | H90: =VLOOKUP(C90,'판매현황-통합'!J:P,7,0) -> 401 | I90: =+F90/24 -> 58.083333 | J90: =SUMIF(판매현황_2026!C:C,발주검토!C90,판매현황_2026!F:F)/4 -> 1.25 | K90: =+J90-I90 -> -56.833333 | L90: =IF(K90<0,"감소","증가") -> 감소 | M90: =VLOOKUP(C90,'판매현황-통합'!$J$1:$Q$1420,8,0) -> Fiberwit Link Communication Co.,LTD | N90: =VLOOKUP(M90,리드타임!$B$3:$D$10,3,0) -> 60 | O90: =I90*3 -> 174.25 | P90: =IFERROR(VLOOKUP(C90,재고현황!$A:$D,4,0),0) -> 577 | Q90: =+P90/I90 -> 9.9340029 | R90: =SUMIF(입고예정_260527!C:C,발주검토!C90,입고예정_260527!F:F) -> 250 | S90: =+(R90+P90)/O90 -> 4.7460545 | U90: =+(+T90+P90+R90-(I90*3))/I90 -> 11.238164
A91: 62 | B91: 88 | C91: A14-DB-N196 | D91: DOJC-SM-LC/PC-FC/PC | E91: 908040727, 15M, B3, 2.0mm | F91: =VLOOKUP(C91,'판매현황-통합'!$J$2:$M$1479,4,0) -> 1552 | G91: =VLOOKUP(C91,'판매현황-통합'!J:P,6,0) -> 2025/03 | H91: =VLOOKUP(C91,'판매현황-통합'!J:P,7,0) -> 324 | I91: =+F91/24 -> 64.666667 | J91: =SUMIF(판매현황_2026!C:C,발주검토!C91,판매현황_2026!F:F)/4 -> 42.5 | K91: =+J91-I91 -> -22.166667 | L91: =IF(K91<0,"감소","증가") -> 감소 | M91: =VLOOKUP(C91,'판매현황-통합'!$J$1:$Q$1420,8,0) -> Fiberwit Link Communication Co.,LTD | N91: =VLOOKUP(M91,리드타임!$B$3:$D$10,3,0) -> 60 | O91: =I91*3 -> 194 | P91: =IFERROR(VLOOKUP(C91,재고현황!$A:$D,4,0),0) -> 166 | Q91: =+P91/I91 -> 2.5670103 | R91: =SUMIF(입고예정_260527!C:C,발주검토!C91,입고예정_260527!F:F) -> 400 | S91: =+(R91+P91)/O91 -> 2.9175258 | T91: =ROUND(+I91*9-P91-R91,-1) -> 20 | U91: =+(+T91+P91+R91-(I91*3))/I91 -> 6.0618557
A92: 114 | B92: 89 | C92: A14-DB-N451 | D92: DOJC-SM-SC/PC-SC/APC | E92: 908040253, 2M, B3, 3.0mm | F92: =VLOOKUP(C92,'판매현황-통합'!$J$2:$M$1479,4,0) -> 2010 | G92: =VLOOKUP(C92,'판매현황-통합'!J:P,6,0) -> 2024/07 | H92: =VLOOKUP(C92,'판매현황-통합'!J:P,7,0) -> 360 | I92: =+F92/24 -> 83.75 | J92: =SUMIF(판매현황_2026!C:C,발주검토!C92,판매현황_2026!F:F)/4 -> 170 | K92: =+J92-I92 -> 86.25 | L92: =IF(K92<0,"감소","증가") -> 증가 | M92: =VLOOKUP(C92,'판매현황-통합'!$J$1:$Q$1420,8,0) -> Fiberwit Link Communication Co.,LTD | N92: =VLOOKUP(M92,리드타임!$B$3:$D$10,3,0) -> 60 | O92: =I92*3 -> 251.25 | P92: =IFERROR(VLOOKUP(C92,재고현황!$A:$D,4,0),0) -> 50 | Q92: =+P92/I92 -> 0.59701493 | R92: =SUMIF(입고예정_260527!C:C,발주검토!C92,입고예정_260527!F:F) -> 700 | S92: =+(R92+P92)/O92 -> 2.9850746 | T92: =ROUND(+I92*9-P92-R92,-1) -> 0 | U92: =+(+T92+P92+R92-(I92*3))/I92 -> 5.9552239
A93: 49 | B93: 93 | C93: 14-K-094 | D93: OJC-A1-LC/LC-SM-30-PC/PC-DP | E93: K9089180 | F93: =VLOOKUP(C93,'판매현황-통합'!$J$2:$M$1479,4,0) -> 1259 | G93: =VLOOKUP(C93,'판매현황-통합'!J:P,6,0) -> 2024/09 | H93: =VLOOKUP(C93,'판매현황-통합'!J:P,7,0) -> 265 | I93: =+F93/24 -> 52.458333 | J93: =SUMIF(판매현황_2026!C:C,발주검토!C93,판매현황_2026!F:F)/4 -> 3.25 | K93: =+J93-I93 -> -49.208333 | L93: =IF(K93<0,"감소","증가") -> 감소 | M93: =VLOOKUP(C93,'판매현황-통합'!$J$1:$Q$1420,8,0) -> Fiberwit Link Communication Co.,LTD | N93: =VLOOKUP(M93,리드타임!$B$3:$D$10,3,0) -> 60 | O93: =I93*3 -> 157.375 | P93: =IFERROR(VLOOKUP(C93,재고현황!$A:$D,4,0),0) -> 369 | Q93: =+P93/I93 -> 7.0341541 | R93: =SUMIF(입고예정_260527!C:C,발주검토!C96,입고예정_260527!F:F) -> 0 | S93: =+(R93+P93)/O93 -> 2.344718 | T93: 120 | U93: =+(+T93+P93+R93-(I93*3))/I93 -> 6.3216839
A94: 37 | B94: 91 | C94: 14-P-010 | D94: PIGTAIL-SC/APC-SM-12C (0.9mm) | E94: 1.5M_12색 | F94: =VLOOKUP(C94,'판매현황-통합'!$J$2:$M$1479,4,0) -> 1367 | G94: =VLOOKUP(C94,'판매현황-통합'!J:P,6,0) -> 2024/04 | H94: =VLOOKUP(C94,'판매현황-통합'!J:P,7,0) -> 255 | I94: =+F94/24 -> 56.958333 | J94: =SUMIF(판매현황_2026!C:C,발주검토!C94,판매현황_2026!F:F)/4 -> 20 | K94: =+J94-I94 -> -36.958333 | L94: =IF(K94<0,"감소","증가") -> 감소 | M94: =VLOOKUP(C94,'판매현황-통합'!$J$1:$Q$1420,8,0) -> Fiberwit Link Communication Co.,LTD | N94: =VLOOKUP(M94,리드타임!$B$3:$D$10,3,0) -> 60 | O94: =I94*3 -> 170.875 | P94: =IFERROR(VLOOKUP(C94,재고현황!$A:$D,4,0),0) -> 24 | Q94: =+P94/I94 -> 0.42136064 | R94: =SUMIF(입고예정_260527!C:C,발주검토!C94,입고예정_260527!F:F) -> 700 | S94: =+(R94+P94)/O94 -> 4.2370154 | U94: =+(+T94+P94+R94-(I94*3))/I94 -> 9.7110461
A95: 54 | B95: 92 | C95: A14-DB-N300 | D95: DOJC-SM-LC/PC-SC/PC | E95: 908040883, 25M, B3, 2.0mm | F95: =VLOOKUP(C95,'판매현황-통합'!$J$2:$M$1479,4,0) -> 1409 | G95: =VLOOKUP(C95,'판매현황-통합'!J:P,6,0) -> 2024/03 | H95: =VLOOKUP(C95,'판매현황-통합'!J:P,7,0) -> 151 | I95: =+F95/24 -> 58.708333 | J95: =SUMIF(판매현황_2026!C:C,발주검토!C95,판매현황_2026!F:F)/4 -> 39.75 | K95: =+J95-I95 -> -18.958333 | L95: =IF(K95<0,"감소","증가") -> 감소 | M95: =VLOOKUP(C95,'판매현황-통합'!$J$1:$Q$1420,8,0) -> Fiberwit Link Communication Co.,LTD | N95: =VLOOKUP(M95,리드타임!$B$3:$D$10,3,0) -> 60 | O95: =I95*3 -> 176.125 | P95: =IFERROR(VLOOKUP(C95,재고현황!$A:$D,4,0),0) -> 38 | Q95: =+P95/I95 -> 0.64726757 | R95: =SUMIF(입고예정_260527!C:C,발주검토!C95,입고예정_260527!F:F) -> 370 | S95: =+(R95+P95)/O95 -> 2.3165366 | T95: =ROUND(+I95*9-P95-R95,-1) -> 120 | U95: =+(+T95+P95+R95-(I95*3))/I95 -> 5.9936125
A96: 125 | B96: 96 | C96: 14-K-B442 | D96: OJC-A1-SC/SC-SM-20-PC/PC-SP | E96: K9089013_포앤티 | F96: =VLOOKUP(C96,'판매현황-통합'!$J$2:$M$1479,4,0) -> 1230 | G96: =VLOOKUP(C96,'판매현황-통합'!J:P,6,0) -> 2025/12 | H96: =VLOOKUP(C96,'판매현황-통합'!J:P,7,0) -> 1230 | I96: =+F96/24 -> 51.25 | J96: =SUMIF(판매현황_2026!C:C,발주검토!C96,판매현황_2026!F:F)/4 -> 0 | K96: =+J96-I96 -> -51.25 | L96: =IF(K96<0,"감소","증가") -> 감소 | M96: =VLOOKUP(C96,'판매현황-통합'!$J$1:$Q$1420,8,0) -> Fiberwit Link Communication Co.,LTD | N96: =VLOOKUP(M96,리드타임!$B$3:$D$10,3,0) -> 60 | O96: =I96*3 -> 153.75 | P96: =IFERROR(VLOOKUP(C96,재고현황!$A:$D,4,0),0) -> 0 | Q96: =+P96/I96 -> 0 | R96: =SUMIF(입고예정_260527!C:C,발주검토!C99,입고예정_260527!F:F) -> 0 | S96: =+(R96+P96)/O96 -> 0 | U96: =+(+T96+P96+R96-(I96*3))/I96 -> -3 | V96: A14-S-SA/FA-B-N-006
A97: 112 | B97: 94 | C97: A14-DB-N271 | D97: DOJC-SM-LC/PC-SC/APC | E97: 908040909, 2M, B3, 3.0mm | F97: =VLOOKUP(C97,'판매현황-통합'!$J$2:$M$1479,4,0) -> 1444 | G97: =VLOOKUP(C97,'판매현황-통합'!J:P,6,0) -> 2024/02 | H97: =VLOOKUP(C97,'판매현황-통합'!J:P,7,0) -> 180 | I97: =+F97/24 -> 60.166667 | J97: =SUMIF(판매현황_2026!C:C,발주검토!C97,판매현황_2026!F:F)/4 -> 50 | K97: =+J97-I97 -> -10.166667 | L97: =IF(K97<0,"감소","증가") -> 감소 | M97: =VLOOKUP(C97,'판매현황-통합'!$J$1:$Q$1420,8,0) -> Fiberwit Link Communication Co.,LTD | N97: =VLOOKUP(M97,리드타임!$B$3:$D$10,3,0) -> 60 | O97: =I97*3 -> 180.5 | P97: =IFERROR(VLOOKUP(C97,재고현황!$A:$D,4,0),0) -> 390 | Q97: =+P97/I97 -> 6.4819945 | R97: =SUMIF(입고예정_260527!C:C,발주검토!C97,입고예정_260527!F:F) -> 300 | S97: =+(R97+P97)/O97 -> 3.8227147 | U97: =+(+T97+P97+R97-(I97*3))/I97 -> 8.468144
A98: 102 | B98: 95 | C98: A14-DB-N481 | D98: DOJC-SM-SC/PC-SC/PC | E98: 908040225, 5M, B3, 3.0mm | F98: =VLOOKUP(C98,'판매현황-통합'!$J$2:$M$1479,4,0) -> 1364 | G98: =VLOOKUP(C98,'판매현황-통합'!J:P,6,0) -> 2024/06 | H98: =VLOOKUP(C98,'판매현황-통합'!J:P,7,0) -> 184 | I98: =+F98/24 -> 56.833333 | J98: =SUMIF(판매현황_2026!C:C,발주검토!C98,판매현황_2026!F:F)/4 -> 31.25 | K98: =+J98-I98 -> -25.583333 | L98: =IF(K98<0,"감소","증가") -> 감소 | M98: =VLOOKUP(C98,'판매현황-통합'!$J$1:$Q$1420,8,0) -> Fiberwit Link Communication Co.,LTD | N98: =VLOOKUP(M98,리드타임!$B$3:$D$10,3,0) -> 60 | O98: =I98*3 -> 170.5 | P98: =IFERROR(VLOOKUP(C98,재고현황!$A:$D,4,0),0) -> 89 | Q98: =+P98/I98 -> 1.5659824 | R98: =SUMIF(입고예정_260527!C:C,발주검토!C98,입고예정_260527!F:F) -> 200 | S98: =+(R98+P98)/O98 -> 1.6950147 | T98: =I98*9-R98 -> 311.5 | U98: =+(+T98+P98+R98-(I98*3))/I98 -> 7.5659824
A99: 68 | B99: 98 | C99: 14-K-B576 | D99: OJC-A1-SC/LC-SM-25-PC/PC-DP | E99: K9089165_포앤티 | F99: =VLOOKUP(C99,'판매현황-통합'!$J$2:$M$1479,4,0) -> 1162 | G99: =VLOOKUP(C99,'판매현황-통합'!J:P,6,0) -> 2025/12 | H99: =VLOOKUP(C99,'판매현황-통합'!J:P,7,0) -> 1162 | I99: =+F99/24 -> 48.416667 | J99: =SUMIF(판매현황_2026!C:C,발주검토!C99,판매현황_2026!F:F)/4 -> 0 | K99: =+J99-I99 -> -48.416667 | L99: =IF(K99<0,"감소","증가") -> 감소 | M99: =VLOOKUP(C99,'판매현황-통합'!$J$1:$Q$1420,8,0) -> Fiberwit Link Communication Co.,LTD | N99: =VLOOKUP(M99,리드타임!$B$3:$D$10,3,0) -> 60 | O99: =I99*3 -> 145.25 | P99: =IFERROR(VLOOKUP(C99,재고현황!$A:$D,4,0),0) -> 0 | Q99: =+P99/I99 -> 0 | R99: =SUMIF(입고예정_260527!C:C,발주검토!C101,입고예정_260527!F:F) -> 0 | S99: =+(R99+P99)/O99 -> 0 | U99: =+(+T99+P99+R99-(I99*3))/I99 -> -3 | V99: A14-DB-N430
A100: 45 | B100: 97 | C100: 14-P-004 | D100: PIGTAIL-LC/PC-SM-12C (0.9mm) | E100: 1.5M_12색 | F100: =VLOOKUP(C100,'판매현황-통합'!$J$2:$M$1479,4,0) -> 1308 | G100: =VLOOKUP(C100,'판매현황-통합'!J:P,6,0) -> 2024/08 | H100: =VLOOKUP(C100,'판매현황-통합'!J:P,7,0) -> 506 | I100: =+F100/24 -> 54.5 | J100: =SUMIF(판매현황_2026!C:C,발주검토!C100,판매현황_2026!F:F)/4 -> 25 | K100: =+J100-I100 -> -29.5 | L100: =IF(K100<0,"감소","증가") -> 감소 | M100: =VLOOKUP(C100,'판매현황-통합'!$J$1:$Q$1420,8,0) -> Fiberwit Link Communication Co.,LTD | N100: =VLOOKUP(M100,리드타임!$B$3:$D$10,3,0) -> 60 | O100: =I100*3 -> 163.5 | P100: =IFERROR(VLOOKUP(C100,재고현황!$A:$D,4,0),0) -> 11 | Q100: =+P100/I100 -> 0.20183486 | R100: =SUMIF(입고예정_260527!C:C,발주검토!C100,입고예정_260527!F:F) -> 0 | S100: =+(R100+P100)/O100 -> 0.067278287 | T100: 500 | U100: =+(+T100+P100+R100-(I100*3))/I100 -> 6.3761468
A101: 81 | B101: 100 | C101: 14-K-044 | D101: OJC-A1-LC/LC-MM-20-PC/PC-DP | E101: K9089336 | F101: =VLOOKUP(C101,'판매현황-통합'!$J$2:$M$1479,4,0) -> 1128 | G101: =VLOOKUP(C101,'판매현황-통합'!J:P,6,0) -> 2024/10 | H101: =VLOOKUP(C101,'판매현황-통합'!J:P,7,0) -> 936 | I101: =+F101/24 -> 47 | J101: =SUMIF(판매현황_2026!C:C,발주검토!C101,판매현황_2026!F:F)/4 -> 0 | K101: =+J101-I101 -> -47 | L101: =IF(K101<0,"감소","증가") -> 감소 | M101: =VLOOKUP(C101,'판매현황-통합'!$J$1:$Q$1420,8,0) -> Fiberwit Link Communication Co.,LTD | N101: =VLOOKUP(M101,리드타임!$B$3:$D$10,3,0) -> 60 | O101: =I101*3 -> 141 | P101: =IFERROR(VLOOKUP(C101,재고현황!$A:$D,4,0),0) -> 340 | Q101: =+P101/I101 -> 7.2340426 | R101: =SUMIF(입고예정_260527!C:C,발주검토!C103,입고예정_260527!F:F) -> 0 | S101: =+(R101+P101)/O101 -> 2.4113475 | T101: 100 | U101: =+(+T101+P101+R101-(I101*3))/I101 -> 6.3617021
...

Sheet RAW ▶
B3: 행 레이블 | C3: 2023 | D3: 2024 | E3: 2025 | F3: 2026 | G3: 총합계
B4: 14-A-002 | C4: 159000 | G4: 159000
B5: 14-A-002F | C5: 156000 | G5: 156000
B6: 14-A-002N | C6: 1349000 | G6: 1349000
B7: 14-A-003 | E7: 13000 | G7: 13000
B8: 14-A-004 | C8: 17500 | G8: 17500
B9: 14-A-005 | D9: 42000 | G9: 42000
B10: 14-A-005C | F10: 15000 | G10: 15000
B11: 14-A-007 | D11: 104000 | G11: 104000
B12: 14-A-018 | D12: 100 | G12: 100
B13: 14-A-019 | C13: 42000 | G13: 42000
B14: 14-C-377 | C14: 8000 | G14: 8000
B15: 14-C-378 | C15: 20000 | G15: 20000
B16: 14-C-379 | C16: 216000 | G16: 216000
B17: 14-C-380 | C17: 7000 | G17: 7000
B18: 14-C-381 | D18: 5000 | G18: 5000
B19: 14-C-542 | C19: 900 | G19: 900
B20: 14-C-543 | C20: 500 | G20: 500
B21: 14-C-567 | D21: 100 | G21: 100
B22: 14-K-031 | D22: 50 | G22: 50
B23: 14-K-035 | C23: 890 | G23: 890
B24: 14-K-039 | C24: 380 | G24: 380
B25: 14-K-044 | C25: 600 | G25: 600
B26: 14-K-052 | D26: 150 | G26: 150
B27: 14-K-058 | C27: 170 | G27: 170
B28: 14-K-065 | C28: 440 | G28: 440
B29: 14-K-078 | D29: 1608 | G29: 1608
B30: 14-K-079 | C30: 270 | G30: 270
B31: 14-K-083 | D31: 3850 | G31: 3850
B32: 14-K-085 | F32: 50 | G32: 50
B33: 14-K-087 | D33: 1560 | G33: 1560
B34: 14-K-091 | D34: 650 | G34: 650
B35: 14-K-093 | D35: 800 | G35: 800
B36: 14-K-094 | E36: 400 | G36: 400
B37: 14-K-096 | E37: 60 | G37: 60
B38: 14-K-097 | D38: 1425 | G38: 1425
B39: 14-K-098 | E39: 120 | G39: 120
B40: 14-K-099 | E40: 130 | G40: 130
B41: 14-K-103 | E41: 60 | G41: 60
B42: 14-K-107 | D42: 1350 | G42: 1350
B43: 14-K-176 | D43: 8100 | G43: 8100
B44: 14-K-177 | E44: 1100 | G44: 1100
B45: 14-K-188 | C45: 5400 | G45: 5400
B46: 14-K-189 | E46: 1230 | G46: 1230
B47: 14-K-198 | D47: 2000 | G47: 2000
B48: 14-K-199 | D48: 4200 | G48: 4200
B49: 14-K-204 | D49: 2350 | G49: 2350
B50: 14-K-205 | E50: 1120 | G50: 1120
B51: 14-K-209 | E51: 1900 | G51: 1900
B52: 14-K-210 | D52: 2000 | G52: 2000
B53: 14-K-214 | D53: 6700 | G53: 6700
B54: 14-K-215 | E54: 310 | G54: 310
B55: 14-K-217 | F55: 100 | G55: 100
B56: 14-K-218 | E56: 320 | G56: 320
B57: 14-K-220 | E57: 480 | G57: 480
B58: 14-K-226 | E58: 250 | G58: 250
B59: 14-K-227 | E59: 130 | G59: 130
B60: 14-K-236 | E60: 2400 | G60: 2400
B61: 14-K-237 | F61: 150 | G61: 150
B62: 14-K-287 | E62: 100 | G62: 100
B63: 14-K-290 | F63: 1250 | G63: 1250
B64: 14-K-291 | E64: 4250 | G64: 4250
B65: 14-K-301 | F65: 100 | G65: 100
B66: 14-K-302 | F66: 650 | G66: 650
B67: 14-K-303 | E67: 2350 | G67: 2350
B68: 14-K-315 | E68: 350 | G68: 350
B69: 14-K-321 | E69: 1400 | G69: 1400
B70: 14-K-322 | D70: 2450 | G70: 2450
B71: 14-K-336 | E71: 1060 | G71: 1060
B72: 14-K-337 | D72: 880 | G72: 880
B73: 14-K-352 | E73: 800 | G73: 800
B74: 14-K-353 | E74: 250 | G74: 250
B75: 14-K-354 | F75: 100 | G75: 100
B76: 14-K-357 | D76: 5250 | G76: 5250
B77: 14-K-360 | D77: 400 | G77: 400
B78: 14-K-361 | E78: 530 | G78: 530
B79: 14-K-362 | C79: 60500 | G79: 60500
B80: 14-K-378 | F80: 100 | G80: 100
B81: 14-K-456 | F81: 8 | G81: 8
B82: 14-K-533 | D82: 400 | G82: 400
B83: 14-K-535 | D83: 300 | G83: 300
B84: 14-K-552 | D84: 200 | G84: 200
B85: 14-K-849 | C85: 3600 | G85: 3600
B86: 14-K-851 | C86: 27300 | G86: 27300
B87: 14-K-855 | C87: 7000 | G87: 7000
B88: 14-K-856 | C88: 7000 | G88: 7000
B89: 14-K-857 | C89: 11000 | G89: 11000
B90: 14-K-883 | D90: 2000 | G90: 2000
B91: 14-K-B262 | C91: 73 | G91: 73
B92: 14-K-B263 | C92: 100 | G92: 100
B93: 14-K-B271 | C93: 35 | G93: 35
B94: 14-K-B272 | C94: 16 | G94: 16
B95: 14-K-B273 | C95: 510 | G95: 510
B96: 14-K-B274 | C96: 63 | G96: 63
B97: 14-K-B275 | C97: 30 | G97: 30
B98: 14-K-B280 | C98: 17 | G98: 17
B99: 14-K-B281 | C99: 6 | G99: 6
B100: 14-K-B282 | C100: 11 | G100: 11
B101: 14-K-B283 | C101: 10 | G101: 10
B102: 14-K-B284 | C102: 13 | G102: 13
...

Sheet 판매현황-통합
A1: 구분 | B1: 월별 | C1: 품목코드 | D1: 품목명 | E1: 규격 | F1: 수량 | G1: 최다판매연월 | H1: 최다 월판매수량 | J1: 합계 : 수량
A2: 1 | B2: 2024/01 | C2: 14-C-005 | D2: DROP-CABLE(LC/PC) | E2: 3M | F2: 50 | G2: =INDEX($B$2:$B$9999,MATCH(_xlfn.MAXIFS($F$2:$F$9999,$C$2:$C$9999,C2),$F$1:$F$9999,0)) -> 2024/01 | H2: =_xlfn.MAXIFS(F:F,C:C,C2,G:G,G2) -> 330 | J2: 품목코드 | K2: 품목명 | L2: 규격 | M2: 요약 | N2: 월 평균 판매량(24-25년) | O2: 최다판매연월 | P2: 최다 월판매수량 | Q2: 수입구매처 | R2: 리드타임 | S2: 안전재고
A3: 2 | B3: 2024/01 | C3: 14-C-006 | D3: DROP-CABLE(LC/PC) | E3: 5M | F3: 30 | G3: =INDEX($B$2:$B$9999,MATCH(_xlfn.MAXIFS($F$2:$F$9999,$C$2:$C$9999,C3),$F$1:$F$9999,0)) -> 2024/01 | H3: =_xlfn.MAXIFS(F:F,C:C,C3,G:G,G3) -> 150 | J3: 14-C-001 | K3: DROP-CABLE(LC/PC) | L3: 10M | M3: 340 | N3: =+M3/20 -> 17 | O3: =VLOOKUP(J3,$C$2:$G$9999,5,0) -> 2024/01 | P3: =VLOOKUP(J3,$C$2:$H$9999,6,0) -> 110 | Q3: =VLOOKUP(J3,'구매현황_2301-2603'!$E$2:$I$1312,5,0) -> #N/A | R3: =VLOOKUP(Q3,리드타임!$B$3:$D$10,3,0) -> #N/A | S3: =IFERROR(N3/20*R3,N3/20*90) -> 76.5
A4: 3 | B4: 2024/01 | C4: 14-C-026 | D4: DROP-CABLE(SC/APC) | E4: 5M | F4: 10 | G4: =INDEX($B$2:$B$9999,MATCH(_xlfn.MAXIFS($F$2:$F$9999,$C$2:$C$9999,C4),$F$1:$F$9999,0)) -> 2024/01 | H4: =_xlfn.MAXIFS(F:F,C:C,C4,G:G,G4) -> 200 | J4: 14-C-003 | K4: DROP-CABLE(LC/PC) | L4: 20M | M4: 230 | N4: =+M4/20 -> 11.5 | O4: =VLOOKUP(J4,$C$2:$G$9999,5,0) -> 2024/01 | P4: =VLOOKUP(J4,$C$2:$H$9999,6,0) -> 100 | Q4: =VLOOKUP(J4,'구매현황_2301-2603'!$E$2:$I$1312,5,0) -> #N/A | R4: =VLOOKUP(Q4,리드타임!$B$3:$D$10,3,0) -> #N/A | S4: =IFERROR(N4/20*R4,N4/20*90) -> 51.75
A5: 4 | B5: 2024/01 | C5: 14-C-048 | D5: DROP-CABLE(SC/PC) | E5: 1M | F5: 30 | G5: =INDEX($B$2:$B$9999,MATCH(_xlfn.MAXIFS($F$2:$F$9999,$C$2:$C$9999,C5),$F$1:$F$9999,0)) -> 2024/01 | H5: =_xlfn.MAXIFS(F:F,C:C,C5,G:G,G5) -> 200 | J5: 14-C-005 | K5: DROP-CABLE(LC/PC) | L5: 3M | M5: 1620 | N5: =+M5/20 -> 81 | O5: =VLOOKUP(J5,$C$2:$G$9999,5,0) -> 2024/01 | P5: =VLOOKUP(J5,$C$2:$H$9999,6,0) -> 330 | Q5: =VLOOKUP(J5,'구매현황_2301-2603'!$E$2:$I$1312,5,0) -> #N/A | R5: =VLOOKUP(Q5,리드타임!$B$3:$D$10,3,0) -> #N/A | S5: =IFERROR(N5/20*R5,N5/20*90) -> 364.5
A6: 5 | B6: 2024/01 | C6: 14-C-055 | D6: DROP-CABLE(SC/PC) | E6: 3M | F6: 10 | G6: =INDEX($B$2:$B$9999,MATCH(_xlfn.MAXIFS($F$2:$F$9999,$C$2:$C$9999,C6),$F$1:$F$9999,0)) -> 2024/01 | H6: =_xlfn.MAXIFS(F:F,C:C,C6,G:G,G6) -> 20 | J6: 14-C-006 | K6: DROP-CABLE(LC/PC) | L6: 5M | M6: 765 | N6: =+M6/20 -> 38.25 | O6: =VLOOKUP(J6,$C$2:$G$9999,5,0) -> 2024/01 | P6: =VLOOKUP(J6,$C$2:$H$9999,6,0) -> 150 | Q6: =VLOOKUP(J6,'구매현황_2301-2603'!$E$2:$I$1312,5,0) -> #N/A | R6: =VLOOKUP(Q6,리드타임!$B$3:$D$10,3,0) -> #N/A | S6: =IFERROR(N6/20*R6,N6/20*90) -> 172.125
A7: 6 | B7: 2024/01 | C7: 14-C-087 | D7: DROP-CABLE(SC/APC) | E7: 3M | F7: 40 | G7: =INDEX($B$2:$B$9999,MATCH(_xlfn.MAXIFS($F$2:$F$9999,$C$2:$C$9999,C7),$F$1:$F$9999,0)) -> 2024/01 | H7: =_xlfn.MAXIFS(F:F,C:C,C7,G:G,G7) -> 200 | J7: 14-C-009 | K7: DROP-CABLE(LC/PC-SC/APC) | L7: 10M | M7: 260 | N7: =+M7/20 -> 13 | O7: =VLOOKUP(J7,$C$2:$G$9999,5,0) -> 2024/01 | P7: =VLOOKUP(J7,$C$2:$H$9999,6,0) -> 110 | Q7: =VLOOKUP(J7,'구매현황_2301-2603'!$E$2:$I$1312,5,0) -> #N/A | R7: =VLOOKUP(Q7,리드타임!$B$3:$D$10,3,0) -> #N/A | S7: =IFERROR(N7/20*R7,N7/20*90) -> 58.5
A8: 7 | B8: 2024/01 | C8: 14-C-089 | D8: DROP-CABLE(SC/APC) | E8: 7M | F8: 10 | G8: =INDEX($B$2:$B$9999,MATCH(_xlfn.MAXIFS($F$2:$F$9999,$C$2:$C$9999,C8),$F$1:$F$9999,0)) -> 2024/01 | H8: =_xlfn.MAXIFS(F:F,C:C,C8,G:G,G8) -> 70 | J8: 14-C-010 | K8: DROP-CABLE(LC/PC-SC/APC) | L8: 20M | M8: 90 | N8: =+M8/20 -> 4.5 | O8: =VLOOKUP(J8,$C$2:$G$9999,5,0) -> 2024/01 | P8: =VLOOKUP(J8,$C$2:$H$9999,6,0) -> 50 | Q8: =VLOOKUP(J8,'구매현황_2301-2603'!$E$2:$I$1312,5,0) -> #N/A | R8: =VLOOKUP(Q8,리드타임!$B$3:$D$10,3,0) -> #N/A | S8: =IFERROR(N8/20*R8,N8/20*90) -> 20.25
A9: 8 | B9: 2024/01 | C9: 14-C-091 | D9: DROP-CABLE(SC/APC) | E9: 12M | F9: 10 | G9: =INDEX($B$2:$B$9999,MATCH(_xlfn.MAXIFS($F$2:$F$9999,$C$2:$C$9999,C9),$F$1:$F$9999,0)) -> 2024/01 | H9: =_xlfn.MAXIFS(F:F,C:C,C9,G:G,G9) -> 10 | J9: 14-C-013 | K9: DROP-CABLE(SC/APC) | L9: 10M | M9: 140 | N9: =+M9/20 -> 7 | O9: =VLOOKUP(J9,$C$2:$G$9999,5,0) -> 2024/01 | P9: =VLOOKUP(J9,$C$2:$H$9999,6,0) -> 50 | Q9: =VLOOKUP(J9,'구매현황_2301-2603'!$E$2:$I$1312,5,0) -> #N/A | R9: =VLOOKUP(Q9,리드타임!$B$3:$D$10,3,0) -> #N/A | S9: =IFERROR(N9/20*R9,N9/20*90) -> 31.5
A10: 9 | B10: 2024/01 | C10: 14-C-497 | D10: DROP-CABLE(LC/PC)-2C | E10: 4M | F10: 100 | G10: =INDEX($B$2:$B$9999,MATCH(_xlfn.MAXIFS($F$2:$F$9999,$C$2:$C$9999,C10),$F$1:$F$9999,0)) -> 2024/01 | H10: =_xlfn.MAXIFS(F:F,C:C,C10,G:G,G10) -> 100 | J10: 14-C-015 | K10: DROP-CABLE(SC/APC) | L10: 15M | M10: 64 | N10: =+M10/20 -> 3.2 | O10: =VLOOKUP(J10,$C$2:$G$9999,5,0) -> 2024/01 | P10: =VLOOKUP(J10,$C$2:$H$9999,6,0) -> 44 | Q10: =VLOOKUP(J10,'구매현황_2301-2603'!$E$2:$I$1312,5,0) -> #N/A | R10: =VLOOKUP(Q10,리드타임!$B$3:$D$10,3,0) -> #N/A | S10: =IFERROR(N10/20*R10,N10/20*90) -> 14.4
A11: 10 | B11: 2024/01 | C11: 14-C-626 | D11: DROP-CABLE(LC/PC-SC/PC) | E11: 70M | F11: -1 | G11: =INDEX($B$2:$B$9999,MATCH(_xlfn.MAXIFS($F$2:$F$9999,$C$2:$C$9999,C11),$F$1:$F$9999,0)) -> 2024/01 | H11: =_xlfn.MAXIFS(F:F,C:C,C11,G:G,G11) -> -1 | J11: 14-C-017 | K11: DROP-CABLE(SC/APC) | L11: 20M | M11: 30 | N11: =+M11/20 -> 1.5 | O11: =VLOOKUP(J11,$C$2:$G$9999,5,0) -> 2024/01 | P11: =VLOOKUP(J11,$C$2:$H$9999,6,0) -> 30 | Q11: =VLOOKUP(J11,'구매현황_2301-2603'!$E$2:$I$1312,5,0) -> #N/A | R11: =VLOOKUP(Q11,리드타임!$B$3:$D$10,3,0) -> #N/A | S11: =IFERROR(N11/20*R11,N11/20*90) -> 6.75
A12: 11 | B12: 2024/01 | C12: 14-C-628 | D12: DROP-CABLE(LC/PC-SC/PC)-2C | E12: 70M | F12: 1 | G12: =INDEX($B$2:$B$9999,MATCH(_xlfn.MAXIFS($F$2:$F$9999,$C$2:$C$9999,C12),$F$1:$F$9999,0)) -> 2024/01 | H12: =_xlfn.MAXIFS(F:F,C:C,C12,G:G,G12) -> 1 | J12: 14-C-018 | K12: DROP-CABLE(SC/APC) | L12: 25M | M12: 5 | N12: =+M12/20 -> 0.25 | O12: =VLOOKUP(J12,$C$2:$G$9999,5,0) -> 2024/01 | P12: =VLOOKUP(J12,$C$2:$H$9999,6,0) -> 5 | Q12: =VLOOKUP(J12,'구매현황_2301-2603'!$E$2:$I$1312,5,0) -> #N/A | R12: =VLOOKUP(Q12,리드타임!$B$3:$D$10,3,0) -> #N/A | S12: =IFERROR(N12/20*R12,N12/20*90) -> 1.125
A13: 12 | B13: 2024/01 | C13: 14-D-019 | D13: DOJC-MM(OM3)-LC/PC-LC/PC | E13: 30M | F13: 4 | G13: =INDEX($B$2:$B$9999,MATCH(_xlfn.MAXIFS($F$2:$F$9999,$C$2:$C$9999,C13),$F$1:$F$9999,0)) -> 2024/01 | H13: =_xlfn.MAXIFS(F:F,C:C,C13,G:G,G13) -> 13 | J13: 14-C-024 | K13: DROP-CABLE(SC/APC) | L13: 50M | M13: 11 | N13: =+M13/20 -> 0.55 | O13: =VLOOKUP(J13,$C$2:$G$9999,5,0) -> 2024/01 | P13: =VLOOKUP(J13,$C$2:$H$9999,6,0) -> 10 | Q13: =VLOOKUP(J13,'구매현황_2301-2603'!$E$2:$I$1312,5,0) -> #N/A | R13: =VLOOKUP(Q13,리드타임!$B$3:$D$10,3,0) -> #N/A | S13: =IFERROR(N13/20*R13,N13/20*90) -> 2.475
A14: 13 | B14: 2024/01 | C14: 14-D-021 | D14: DOJC-MM(OM3)-LC/PC-LC/PC | E14: 3M | F14: 23 | G14: =INDEX($B$2:$B$9999,MATCH(_xlfn.MAXIFS($F$2:$F$9999,$C$2:$C$9999,C14),$F$1:$F$9999,0)) -> 2024/01 | H14: =_xlfn.MAXIFS(F:F,C:C,C14,G:G,G14) -> 30 | J14: 14-C-026 | K14: DROP-CABLE(SC/APC) | L14: 5M | M14: 591 | N14: =+M14/20 -> 29.55 | O14: =VLOOKUP(J14,$C$2:$G$9999,5,0) -> 2024/01 | P14: =VLOOKUP(J14,$C$2:$H$9999,6,0) -> 200 | Q14: =VLOOKUP(J14,'구매현황_2301-2603'!$E$2:$I$1312,5,0) -> #N/A | R14: =VLOOKUP(Q14,리드타임!$B$3:$D$10,3,0) -> #N/A | S14: =IFERROR(N14/20*R14,N14/20*90) -> 132.975
A15: 14 | B15: 2024/01 | C15: 14-D-029 | D15: DOJC-MM(OM3)-LC/PC-SC/PC | E15: 10M | F15: 2 | G15: =INDEX($B$2:$B$9999,MATCH(_xlfn.MAXIFS($F$2:$F$9999,$C$2:$C$9999,C15),$F$1:$F$9999,0)) -> 2024/01 | H15: =_xlfn.MAXIFS(F:F,C:C,C15,G:G,G15) -> 2 | J15: 14-C-029 | K15: DROP-CABLE(SC/APC) | L15: 70M | M15: 7 | N15: =+M15/20 -> 0.35 | O15: =VLOOKUP(J15,$C$2:$G$9999,5,0) -> 2024/01 | P15: =VLOOKUP(J15,$C$2:$H$9999,6,0) -> 6 | Q15: =VLOOKUP(J15,'구매현황_2301-2603'!$E$2:$I$1312,5,0) -> #N/A | R15: =VLOOKUP(Q15,리드타임!$B$3:$D$10,3,0) -> #N/A | S15: =IFERROR(N15/20*R15,N15/20*90) -> 1.575
A16: 15 | B16: 2024/01 | C16: 14-D-083A | D16: DX-MM-OM1-LC/PC-SC/PC-5M | F16: 3 | G16: =INDEX($B$2:$B$9999,MATCH(_xlfn.MAXIFS($F$2:$F$9999,$C$2:$C$9999,C16),$F$1:$F$9999,0)) -> 2024/01 | H16: =_xlfn.MAXIFS(F:F,C:C,C16,G:G,G16) -> 30 | J16: 14-C-040 | K16: DROP-CABLE(SC/PC) | L16: 120M | M16: 10 | N16: =+M16/20 -> 0.5 | O16: =VLOOKUP(J16,$C$2:$G$9999,5,0) -> 2024/01 | P16: =VLOOKUP(J16,$C$2:$H$9999,6,0) -> 10 | Q16: =VLOOKUP(J16,'구매현황_2301-2603'!$E$2:$I$1312,5,0) -> #N/A | R16: =VLOOKUP(Q16,리드타임!$B$3:$D$10,3,0) -> #N/A | S16: =IFERROR(N16/20*R16,N16/20*90) -> 2.25
A17: 16 | B17: 2024/01 | C17: 14-D-228 | D17: DOJC-SM-LC/PC-LC/PC | E17: 15M | F17: 30 | G17: =INDEX($B$2:$B$9999,MATCH(_xlfn.MAXIFS($F$2:$F$9999,$C$2:$C$9999,C17),$F$1:$F$9999,0)) -> 2024/01 | H17: =_xlfn.MAXIFS(F:F,C:C,C17,G:G,G17) -> 110 | J17: 14-C-048 | K17: DROP-CABLE(SC/PC) | L17: 1M | M17: 620 | N17: =+M17/20 -> 31 | O17: =VLOOKUP(J17,$C$2:$G$9999,5,0) -> 2024/01 | P17: =VLOOKUP(J17,$C$2:$H$9999,6,0) -> 200 | Q17: =VLOOKUP(J17,'구매현황_2301-2603'!$E$2:$I$1312,5,0) -> #N/A | R17: =VLOOKUP(Q17,리드타임!$B$3:$D$10,3,0) -> #N/A | S17: =IFERROR(N17/20*R17,N17/20*90) -> 139.5
A18: 17 | B18: 2024/01 | C18: 14-D-234 | D18: DOJC-SM-LC/PC-LC/PC | E18: 20M | F18: 100 | G18: =INDEX($B$2:$B$9999,MATCH(_xlfn.MAXIFS($F$2:$F$9999,$C$2:$C$9999,C18),$F$1:$F$9999,0)) -> 2024/01 | H18: =_xlfn.MAXIFS(F:F,C:C,C18,G:G,G18) -> 100 | J18: 14-C-052 | K18: DROP-CABLE(SC/PC) | L18: 2M | M18: 80 | N18: =+M18/20 -> 4 | O18: =VLOOKUP(J18,$C$2:$G$9999,5,0) -> 2024/01 | P18: =VLOOKUP(J18,$C$2:$H$9999,6,0) -> 80 | Q18: =VLOOKUP(J18,'구매현황_2301-2603'!$E$2:$I$1312,5,0) -> #N/A | R18: =VLOOKUP(Q18,리드타임!$B$3:$D$10,3,0) -> #N/A | S18: =IFERROR(N18/20*R18,N18/20*90) -> 18
A19: 18 | B19: 2024/01 | C19: 14-D-237 | D19: DOJC-SM-LC/PC-LC/PC | E19: 25M | F19: 50 | G19: =INDEX($B$2:$B$9999,MATCH(_xlfn.MAXIFS($F$2:$F$9999,$C$2:$C$9999,C19),$F$1:$F$9999,0)) -> 2024/01 | H19: =_xlfn.MAXIFS(F:F,C:C,C19,G:G,G19) -> 200 | J19: 14-C-053 | K19: DROP-CABLE(SC/PC) | L19: 30M | M19: 2 | N19: =+M19/20 -> 0.1 | O19: =VLOOKUP(J19,$C$2:$G$9999,5,0) -> 2024/01 | P19: =VLOOKUP(J19,$C$2:$H$9999,6,0) -> 2 | Q19: =VLOOKUP(J19,'구매현황_2301-2603'!$E$2:$I$1312,5,0) -> #N/A | R19: =VLOOKUP(Q19,리드타임!$B$3:$D$10,3,0) -> #N/A | S19: =IFERROR(N19/20*R19,N19/20*90) -> 0.45
A20: 19 | B20: 2024/01 | C20: 14-D-241 | D20: DOJC-SM-LC/PC-LC/PC | E20: 30M | F20: 70 | G20: =INDEX($B$2:$B$9999,MATCH(_xlfn.MAXIFS($F$2:$F$9999,$C$2:$C$9999,C20),$F$1:$F$9999,0)) -> 2024/01 | H20: =_xlfn.MAXIFS(F:F,C:C,C20,G:G,G20) -> 70 | J20: 14-C-055 | K20: DROP-CABLE(SC/PC) | L20: 3M | M20: 60 | N20: =+M20/20 -> 3 | O20: =VLOOKUP(J20,$C$2:$G$9999,5,0) -> 2024/01 | P20: =VLOOKUP(J20,$C$2:$H$9999,6,0) -> 20 | Q20: =VLOOKUP(J20,'구매현황_2301-2603'!$E$2:$I$1312,5,0) -> #N/A | R20: =VLOOKUP(Q20,리드타임!$B$3:$D$10,3,0) -> #N/A | S20: =IFERROR(N20/20*R20,N20/20*90) -> 13.5
A21: 20 | B21: 2024/01 | C21: 14-D-243 | D21: DOJC-SM-LC/PC-LC/PC | E21: 35M | F21: 50 | G21: =INDEX($B$2:$B$9999,MATCH(_xlfn.MAXIFS($F$2:$F$9999,$C$2:$C$9999,C21),$F$1:$F$9999,0)) -> 2024/01 | H21: =_xlfn.MAXIFS(F:F,C:C,C21,G:G,G21) -> 50 | J21: 14-C-059 | K21: DROP-CABLE(SC/PC) | L21: 50M | M21: 21 | N21: =+M21/20 -> 1.05 | O21: =VLOOKUP(J21,$C$2:$G$9999,5,0) -> 2024/01 | P21: =VLOOKUP(J21,$C$2:$H$9999,6,0) -> 20 | Q21: =VLOOKUP(J21,'구매현황_2301-2603'!$E$2:$I$1312,5,0) -> #N/A | R21: =VLOOKUP(Q21,리드타임!$B$3:$D$10,3,0) -> #N/A | S21: =IFERROR(N21/20*R21,N21/20*90) -> 4.725
A22: 21 | B22: 2024/01 | C22: 14-D-244 | D22: DOJC-SM-LC/PC-LC/PC | E22: 3M | F22: 70 | G22: =INDEX($B$2:$B$9999,MATCH(_xlfn.MAXIFS($F$2:$F$9999,$C$2:$C$9999,C22),$F$1:$F$9999,0)) -> 2024/01 | H22: =_xlfn.MAXIFS(F:F,C:C,C22,G:G,G22) -> 100 | J22: 14-C-061 | K22: DROP-CABLE(SC/PC) | L22: 5M | M22: 5 | N22: =+M22/20 -> 0.25 | O22: =VLOOKUP(J22,$C$2:$G$9999,5,0) -> 2024/01 | P22: =VLOOKUP(J22,$C$2:$H$9999,6,0) -> 5 | Q22: =VLOOKUP(J22,'구매현황_2301-2603'!$E$2:$I$1312,5,0) -> #N/A | R22: =VLOOKUP(Q22,리드타임!$B$3:$D$10,3,0) -> #N/A | S22: =IFERROR(N22/20*R22,N22/20*90) -> 1.125
A23: 22 | B23: 2024/01 | C23: 14-D-256 | D23: DOJC-SM-LC/PC-LC/PC | E23: 6M | F23: 100 | G23: =INDEX($B$2:$B$9999,MATCH(_xlfn.MAXIFS($F$2:$F$9999,$C$2:$C$9999,C23),$F$1:$F$9999,0)) -> 2024/01 | H23: =_xlfn.MAXIFS(F:F,C:C,C23,G:G,G23) -> 1000 | J23: 14-C-062 | K23: DROP-CABLE(SC/PC) | L23: 60M | M23: 20 | N23: =+M23/20 -> 1 | O23: =VLOOKUP(J23,$C$2:$G$9999,5,0) -> 2024/01 | P23: =VLOOKUP(J23,$C$2:$H$9999,6,0) -> 20 | Q23: =VLOOKUP(J23,'구매현황_2301-2603'!$E$2:$I$1312,5,0) -> #N/A | R23: =VLOOKUP(Q23,리드타임!$B$3:$D$10,3,0) -> #N/A | S23: =IFERROR(N23/20*R23,N23/20*90) -> 4.5
A24: 23 | B24: 2024/01 | C24: 14-D-436 | D24: DOJC-SM-SC/PC-FC/PC | E24: 3M | F24: 2 | G24: =INDEX($B$2:$B$9999,MATCH(_xlfn.MAXIFS($F$2:$F$9999,$C$2:$C$9999,C24),$F$1:$F$9999,0)) -> 2024/01 | H24: =_xlfn.MAXIFS(F:F,C:C,C24,G:G,G24) -> 4 | J24: 14-C-065 | K24: DROP-CABLE(SC/PC) | L24: 70M | M24: 30 | N24: =+M24/20 -> 1.5 | O24: =VLOOKUP(J24,$C$2:$G$9999,5,0) -> 2024/01 | P24: =VLOOKUP(J24,$C$2:$H$9999,6,0) -> 20 | Q24: =VLOOKUP(J24,'구매현황_2301-2603'!$E$2:$I$1312,5,0) -> #N/A | R24: =VLOOKUP(Q24,리드타임!$B$3:$D$10,3,0) -> #N/A | S24: =IFERROR(N24/20*R24,N24/20*90) -> 6.75
A25: 24 | B25: 2024/01 | C25: 14-D-601 | D25: DOJC-SM-LC/PC-SC/PC | E25: 0.3M | F25: 5 | G25: =INDEX($B$2:$B$9999,MATCH(_xlfn.MAXIFS($F$2:$F$9999,$C$2:$C$9999,C25),$F$1:$F$9999,0)) -> 2024/01 | H25: =_xlfn.MAXIFS(F:F,C:C,C25,G:G,G25) -> 5 | J25: 14-C-067 | K25: DROP-CABLE(SC/PC) | L25: 7M | M25: 740 | N25: =+M25/20 -> 37 | O25: =VLOOKUP(J25,$C$2:$G$9999,5,0) -> 2024/01 | P25: =VLOOKUP(J25,$C$2:$H$9999,6,0) -> 200 | Q25: =VLOOKUP(J25,'구매현황_2301-2603'!$E$2:$I$1312,5,0) -> #N/A | R25: =VLOOKUP(Q25,리드타임!$B$3:$D$10,3,0) -> #N/A | S25: =IFERROR(N25/20*R25,N25/20*90) -> 166.5
A26: 25 | B26: 2024/01 | C26: 14-D-733 | D26: DOJC-SM-LC/PC-LC/PC | E26: 20M_청색케이블 | F26: 30 | G26: =INDEX($B$2:$B$9999,MATCH(_xlfn.MAXIFS($F$2:$F$9999,$C$2:$C$9999,C26),$F$1:$F$9999,0)) -> 2024/01 | H26: =_xlfn.MAXIFS(F:F,C:C,C26,G:G,G26) -> 40 | J26: 14-C-068 | K26: DROP-CABLE(SC/PC) | L26: 80M | M26: 20 | N26: =+M26/20 -> 1 | O26: =VLOOKUP(J26,$C$2:$G$9999,5,0) -> 2024/01 | P26: =VLOOKUP(J26,$C$2:$H$9999,6,0) -> 10 | Q26: =VLOOKUP(J26,'구매현황_2301-2603'!$E$2:$I$1312,5,0) -> #N/A | R26: =VLOOKUP(Q26,리드타임!$B$3:$D$10,3,0) -> #N/A | S26: =IFERROR(N26/20*R26,N26/20*90) -> 4.5
A27: 26 | B27: 2024/01 | C27: 14-D-734 | D27: DOJC-SM-LC/PC-LC/PC | E27: 25M_청색케이블 | F27: 30 | G27: =INDEX($B$2:$B$9999,MATCH(_xlfn.MAXIFS($F$2:$F$9999,$C$2:$C$9999,C27),$F$1:$F$9999,0)) -> 2024/01 | H27: =_xlfn.MAXIFS(F:F,C:C,C27,G:G,G27) -> 30 | J27: 14-C-072 | K27: DROP-CABLE(SC/PC) | L27: 90M | M27: 20 | N27: =+M27/20 -> 1 | O27: =VLOOKUP(J27,$C$2:$G$9999,5,0) -> 2024/01 | P27: =VLOOKUP(J27,$C$2:$H$9999,6,0) -> 10 | Q27: =VLOOKUP(J27,'구매현황_2301-2603'!$E$2:$I$1312,5,0) -> #N/A | R27: =VLOOKUP(Q27,리드타임!$B$3:$D$10,3,0) -> #N/A | S27: =IFERROR(N27/20*R27,N27/20*90) -> 4.5
A28: 27 | B28: 2024/01 | C28: 14-D-735 | D28: DOJC-SM-LC/PC-LC/PC | E28: 35M_청색케이블 | F28: 10 | G28: =INDEX($B$2:$B$9999,MATCH(_xlfn.MAXIFS($F$2:$F$9999,$C$2:$C$9999,C28),$F$1:$F$9999,0)) -> 2024/01 | H28: =_xlfn.MAXIFS(F:F,C:C,C28,G:G,G28) -> 10 | J28: 14-C-076 | K28: DROP-CABLE(SC/PC-SC/APC) | L28: 25M | M28: 30 | N28: =+M28/20 -> 1.5 | O28: =VLOOKUP(J28,$C$2:$G$9999,5,0) -> 2024/01 | P28: =VLOOKUP(J28,$C$2:$H$9999,6,0) -> 30 | Q28: =VLOOKUP(J28,'구매현황_2301-2603'!$E$2:$I$1312,5,0) -> #N/A | R28: =VLOOKUP(Q28,리드타임!$B$3:$D$10,3,0) -> #N/A | S28: =IFERROR(N28/20*R28,N28/20*90) -> 6.75
... A75: 74 | B75: 2024/01 | C75: 14-K-361 | D75: OJC-A1-SC/SC-SM-3-PC/PC-DP | E75: K9089125 | F75: 154 | G75: =INDEX($B$2:$B$9999,MATCH(_xlfn.MAXIFS($F$2:$F$9999,$C$2:$C$9999,C75),$F$1:$F$9999,0)) -> 2024/10 | H75: =_xlfn.MAXIFS(F:F,C:C,C75,G:G,G75) -> 510 | J75: 14-C-506 | K75: Optical Cable Parts,SC/PC-LC/PC-Single mode-5m-2Core | L75: 657A2 , LSZH , LC DUPLEX KIT(CLIP),95MM/ 500MM | M75: 18 | N75: =+M75/20 -> 0.9 | O75: =VLOOKUP(J75,$C$2:$G$9999,5,0) -> 2024/01 | P75: =VLOOKUP(J75,$C$2:$H$9999,6,0) -> 18 | Q75: =VLOOKUP(J75,'구매현황_2301-2603'!$E$2:$I$1312,5,0) -> #N/A | R75: =VLOOKUP(Q75,리드타임!$B$3:$D$10,3,0) -> #N/A | S75: =IFERROR(N75/20*R75,N75/20*90) -> 4.05
A76: 75 | B76: 2024/01 | C76: 14-K-362 | D76: OJC-A1-SC/SC-SM-3-PC/PC-SP | E76: K9088996 | F76: 3107 | G76: =INDEX($B$2:$B$9999,MATCH(_xlfn.MAXIFS($F$2:$F$9999,$C$2:$C$9999,C76),$F$1:$F$9999,0)) -> 2025/12 | H76: =_xlfn.MAXIFS(F:F,C:C,C76,G:G,G76) -> 32271 | J76: 14-C-520 | K76: Optical Cable Parts,LC/PC-LC/PC-Single mode-70m-1Core | L76: 657A2 , LSZH | N76: =+M76/20 -> 0 | O76: =VLOOKUP(J76,$C$2:$G$9999,5,0) -> #N/A | P76: =VLOOKUP(J76,$C$2:$H$9999,6,0) -> 0 | Q76: =VLOOKUP(J76,'구매현황_2301-2603'!$E$2:$I$1312,5,0) -> #N/A | R76: =VLOOKUP(Q76,리드타임!$B$3:$D$10,3,0) -> #N/A | S76: =IFERROR(N76/20*R76,N76/20*90) -> 0
A77: 76 | B77: 2024/01 | C77: 14-K-375 | D77: OJC-A1-SC/SC-SM-5-APC/APC-SP | F77: 55 | G77: =INDEX($B$2:$B$9999,MATCH(_xlfn.MAXIFS($F$2:$F$9999,$C$2:$C$9999,C77),$F$1:$F$9999,0)) -> 2024/01 | H77: =_xlfn.MAXIFS(F:F,C:C,C77,G:G,G77) -> 100 | J77: 14-C-534 | K77: DROP-CABLE(LC/PC-SC/APC) | L77: 25M | M77: 5 | N77: =+M77/20 -> 0.25 | O77: =VLOOKUP(J77,$C$2:$G$9999,5,0) -> 2024/01 | P77: =VLOOKUP(J77,$C$2:$H$9999,6,0) -> 5 | Q77: =VLOOKUP(J77,'구매현황_2301-2603'!$E$2:$I$1312,5,0) -> #N/A | R77: =VLOOKUP(Q77,리드타임!$B$3:$D$10,3,0) -> #N/A | S77: =IFERROR(N77/20*R77,N77/20*90) -> 1.125
A78: 77 | B78: 2024/01 | C78: 14-K-378 | D78: OJC-A1-SC/SC-SM-5-PC/PC-DP | E78: K9089127 | F78: 90 | G78: =INDEX($B$2:$B$9999,MATCH(_xlfn.MAXIFS($F$2:$F$9999,$C$2:$C$9999,C78),$F$1:$F$9999,0)) -> 2025/12 | H78: =_xlfn.MAXIFS(F:F,C:C,C78,G:G,G78) -> 868 | J78: 14-C-535 | K78: Optical Cable Parts,LC/PC-LC/PC-Single mode-15m-2Core | L78: 657A2 , LSZH , LC DUPLEX KIT(CLIP), 300MM/ 300MM | M78: 250 | N78: =+M78/20 -> 12.5 | O78: =VLOOKUP(J78,$C$2:$G$9999,5,0) -> 2024/01 | P78: =VLOOKUP(J78,$C$2:$H$9999,6,0) -> 50 | Q78: =VLOOKUP(J78,'구매현황_2301-2603'!$E$2:$I$1312,5,0) -> #N/A | R78: =VLOOKUP(Q78,리드타임!$B$3:$D$10,3,0) -> #N/A | S78: =IFERROR(N78/20*R78,N78/20*90) -> 56.25
A79: 78 | B79: 2024/01 | C79: 14-K-379 | D79: OJC-A1-SC/SC-SM-5-PC/PC-SP | E79: K9088998 | F79: 8 | G79: =INDEX($B$2:$B$9999,MATCH(_xlfn.MAXIFS($F$2:$F$9999,$C$2:$C$9999,C79),$F$1:$F$9999,0)) -> 2024/10 | H79: =_xlfn.MAXIFS(F:F,C:C,C79,G:G,G79) -> 527 | J79: 14-C-542 | K79: DROP-CABLE(LC/UPC)-2C | L79: 0.72M, CLIP Type, 청색 Housing, 분기부 스프링, 크로스 타입(TX-RX, RX-TX) | M79: 370 | N79: =+M79/20 -> 18.5 | O79: =VLOOKUP(J79,$C$2:$G$9999,5,0) -> 2024/01 | P79: =VLOOKUP(J79,$C$2:$H$9999,6,0) -> 100 | Q79: =VLOOKUP(J79,'구매현황_2301-2603'!$E$2:$I$1312,5,0) -> Shenzhen Fibercan Optical Co., Ltd | R79: =VLOOKUP(Q79,리드타임!$B$3:$D$10,3,0) -> 40 | S79: =IFERROR(N79/20*R79,N79/20*90) -> 37
A80: 79 | B80: 2024/01 | C80: 14-K-385 | D80: OJC-A1-SC/SC-SM-6-PC/PC-SP | E80: K9088999 | F80: 32 | G80: =INDEX($B$2:$B$9999,MATCH(_xlfn.MAXIFS($F$2:$F$9999,$C$2:$C$9999,C80),$F$1:$F$9999,0)) -> 2024/01 | H80: =_xlfn.MAXIFS(F:F,C:C,C80,G:G,G80) -> 32 | J80: 14-C-543 | K80: DROP-CABLE(LC/UPC)-2C | L80: 2M, CLIP Type, 청색 Housing, 분기부 스프링, 크로스 타입(TX-RX, RX-TX) | M80: 168 | N80: =+M80/20 -> 8.4 | O80: =VLOOKUP(J80,$C$2:$G$9999,5,0) -> 2024/07 | P80: =VLOOKUP(J80,$C$2:$H$9999,6,0) -> 134 | Q80: =VLOOKUP(J80,'구매현황_2301-2603'!$E$2:$I$1312,5,0) -> Shenzhen Fibercan Optical Co., Ltd | R80: =VLOOKUP(Q80,리드타임!$B$3:$D$10,3,0) -> 40 | S80: =IFERROR(N80/20*R80,N80/20*90) -> 16.8
A81: 80 | B81: 2024/01 | C81: 14-K-640 | D81: OJC-A1-LC/LC-MM-7-PC/PC-DP | F81: 4 | G81: =INDEX($B$2:$B$9999,MATCH(_xlfn.MAXIFS($F$2:$F$9999,$C$2:$C$9999,C81),$F$1:$F$9999,0)) -> 2024/01 | H81: =_xlfn.MAXIFS(F:F,C:C,C81,G:G,G81) -> 4 | J81: 14-C-552 | K81: Optical Cable Parts,LC/PC-LC/PC-Single mode-10m-2Core | L81: 657A2 , LSZH , LC DUPLEX KIT(CLIP), 0MM/ 300MM | M81: 200 | N81: =+M81/20 -> 10 | O81: =VLOOKUP(J81,$C$2:$G$9999,5,0) -> 2024/01 | P81: =VLOOKUP(J81,$C$2:$H$9999,6,0) -> 50 | Q81: =VLOOKUP(J81,'구매현황_2301-2603'!$E$2:$I$1312,5,0) -> #N/A | R81: =VLOOKUP(Q81,리드타임!$B$3:$D$10,3,0) -> #N/A | S81: =IFERROR(N81/20*R81,N81/20*90) -> 45
A82: 81 | B82: 2024/01 | C82: 14-K-732 | D82: OJC-C2-SC/SC-SM-20-PC/PC-16C | E82: K9094339 | F82: 5 | G82: =INDEX($B$2:$B$9999,MATCH(_xlfn.MAXIFS($F$2:$F$9999,$C$2:$C$9999,C82),$F$1:$F$9999,0)) -> 2024/01 | H82: =_xlfn.MAXIFS(F:F,C:C,C82,G:G,G82) -> 5 | J82: 14-C-553 | K82: Optical Cable Parts,LC/PC-LC/PC-Single mode-15m-2Core | L82: 657A2 , LSZH , LC DUPLEX KIT(CLIP), 0MM/ 300MM | M82: 250 | N82: =+M82/20 -> 12.5 | O82: =VLOOKUP(J82,$C$2:$G$9999,5,0) -> 2024/01 | P82: =VLOOKUP(J82,$C$2:$H$9999,6,0) -> 100 | Q82: =VLOOKUP(J82,'구매현황_2301-2603'!$E$2:$I$1312,5,0) -> #N/A | R82: =VLOOKUP(Q82,리드타임!$B$3:$D$10,3,0) -> #N/A | S82: =IFERROR(N82/20*R82,N82/20*90) -> 56.25
A83: 82 | B83: 2024/01 | C83: 14-K-829 | D83: OJC-A1-SC/SC-SM-55-PC/PC-DP | F83: 2 | G83: =INDEX($B$2:$B$9999,MATCH(_xlfn.MAXIFS($F$2:$F$9999,$C$2:$C$9999,C83),$F$1:$F$9999,0)) -> 2024/01 | H83: =_xlfn.MAXIFS(F:F,C:C,C83,G:G,G83) -> 2 | J83: 14-C-554 | K83: Optical Cable Parts,LC/PC-LC/PC-Single mode-20m-2Core | L83: 657A2 , LSZH , LC DUPLEX KIT(CLIP), 0MM/ 300MM | M83: 230 | N83: =+M83/20 -> 11.5 | O83: =VLOOKUP(J83,$C$2:$G$9999,5,0) -> 2024/01 | P83: =VLOOKUP(J83,$C$2:$H$9999,6,0) -> 100 | Q83: =VLOOKUP(J83,'구매현황_2301-2603'!$E$2:$I$1312,5,0) -> #N/A | R83: =VLOOKUP(Q83,리드타임!$B$3:$D$10,3,0) -> #N/A | S83: =IFERROR(N83/20*R83,N83/20*90) -> 51.75
A84: 83 | B84: 2024/01 | C84: 14-K-847 | D84: OJC-A1-SC/SC-SM-2-PC/PC-SP | E84: K9088995_고려오트론 | F84: 1480 | G84: =INDEX($B$2:$B$9999,MATCH(_xlfn.MAXIFS($F$2:$F$9999,$C$2:$C$9999,C84),$F$1:$F$9999,0)) -> 2024/01 | H84: =_xlfn.MAXIFS(F:F,C:C,C84,G:G,G84) -> 1480 | J84: 14-C-555 | K84: Optical Cable Parts,LC/PC-LC/PC-Single mode-25m-2Core | L84: 657A2 , LSZH , LC DUPLEX KIT(CLIP), 0MM/ 300MM | M84: 30 | N84: =+M84/20 -> 1.5 | O84: =VLOOKUP(J84,$C$2:$G$9999,5,0) -> 2024/01 | P84: =VLOOKUP(J84,$C$2:$H$9999,6,0) -> 30 | Q84: =VLOOKUP(J84,'구매현황_2301-2603'!$E$2:$I$1312,5,0) -> #N/A | R84: =VLOOKUP(Q84,리드타임!$B$3:$D$10,3,0) -> #N/A | S84: =IFERROR(N84/20*R84,N84/20*90) -> 6.75
A85: 84 | B85: 2024/01 | C85: 14-K-850 | D85: OJC-A1-SC/SC-SM-2-PC/PC-SP | E85: K9088995_포앤티 | F85: 1000 | G85: =INDEX($B$2:$B$9999,MATCH(_xlfn.MAXIFS($F$2:$F$9999,$C$2:$C$9999,C85),$F$1:$F$9999,0)) -> 2024/01 | H85: =_xlfn.MAXIFS(F:F,C:C,C85,G:G,G85) -> 1000 | J85: 14-C-556 | K85: Optical Cable Parts,LC/PC-LC/PC-Single mode-30m-2Core | L85: 657A2 , LSZH , LC DUPLEX KIT(CLIP), 0MM/ 300MM | M85: 60 | N85: =+M85/20 -> 3 | O85: =VLOOKUP(J85,$C$2:$G$9999,5,0) -> 2024/01 | P85: =VLOOKUP(J85,$C$2:$H$9999,6,0) -> 30 | Q85: =VLOOKUP(J85,'구매현황_2301-2603'!$E$2:$I$1312,5,0) -> #N/A | R85: =VLOOKUP(Q85,리드타임!$B$3:$D$10,3,0) -> #N/A | S85: =IFERROR(N85/20*R85,N85/20*90) -> 13.5
A86: 85 | B86: 2024/01 | C86: 14-K-851 | D86: OJC-A1-SC/SC-SM-3-PC/PC-SP | E86: K9088996_포앤티 | F86: 3500 | G86: =INDEX($B$2:$B$9999,MATCH(_xlfn.MAXIFS($F$2:$F$9999,$C$2:$C$9999,C86),$F$1:$F$9999,0)) -> 2025/12 | H86: =_xlfn.MAXIFS(F:F,C:C,C86,G:G,G86) -> 7100 | J86: 14-C-557 | K86: Optical Cable Parts,LC/PC-LC/PC-Single mode-35m-2Core | L86: 657A2 , LSZH , LC DUPLEX KIT(CLIP), 0MM/ 300MM | M86: 40 | N86: =+M86/20 -> 2 | O86: =VLOOKUP(J86,$C$2:$G$9999,5,0) -> 2024/01 | P86: =VLOOKUP(J86,$C$2:$H$9999,6,0) -> 20 | Q86: =VLOOKUP(J86,'구매현황_2301-2603'!$E$2:$I$1312,5,0) -> #N/A | R86: =VLOOKUP(Q86,리드타임!$B$3:$D$10,3,0) -> #N/A | S86: =IFERROR(N86/20*R86,N86/20*90) -> 9
A87: 86 | B87: 2024/01 | C87: 14-K-855 | D87: OJC-A1-SC/SC-SM-2-PC/PC-SP | E87: K9088995_청색 | F87: 500 | G87: =INDEX($B$2:$B$9999,MATCH(_xlfn.MAXIFS($F$2:$F$9999,$C$2:$C$9999,C87),$F$1:$F$9999,0)) -> 2024/11 | H87: =_xlfn.MAXIFS(F:F,C:C,C87,G:G,G87) -> 2000 | J87: 14-C-560 | K87: DROP-CABLE(LC/PC)-2C | L87: 5M | M87: 90 | N87: =+M87/20 -> 4.5 | O87: =VLOOKUP(J87,$C$2:$G$9999,5,0) -> 2024/01 | P87: =VLOOKUP(J87,$C$2:$H$9999,6,0) -> 30 | Q87: =VLOOKUP(J87,'구매현황_2301-2603'!$E$2:$I$1312,5,0) -> #N/A | R87: =VLOOKUP(Q87,리드타임!$B$3:$D$10,3,0) -> #N/A | S87: =IFERROR(N87/20*R87,N87/20*90) -> 20.25
A88: 87 | B88: 2024/01 | C88: 14-K-856 | D88: OJC-A1-SC/SC-SM-1-PC/PC-SP | E88: K9088994_청색 | F88: 500 | G88: =INDEX($B$2:$B$9999,MATCH(_xlfn.MAXIFS($F$2:$F$9999,$C$2:$C$9999,C88),$F$1:$F$9999,0)) -> 2024/12 | H88: =_xlfn.MAXIFS(F:F,C:C,C88,G:G,G88) -> 3000 | J88: 14-C-562 | K88: DROP-CABLE(SC/APC) | L88: 2M | M88: 30 | N88: =+M88/20 -> 1.5 | O88: =VLOOKUP(J88,$C$2:$G$9999,5,0) -> 2024/01 | P88: =VLOOKUP(J88,$C$2:$H$9999,6,0) -> 30 | Q88: =VLOOKUP(J88,'구매현황_2301-2603'!$E$2:$I$1312,5,0) -> #N/A | R88: =VLOOKUP(Q88,리드타임!$B$3:$D$10,3,0) -> #N/A | S88: =IFERROR(N88/20*R88,N88/20*90) -> 6.75
A89: 88 | B89: 2024/01 | C89: 14-K-A115 | D89: OJC-A1-LC/LC-SM-3-APC/APC-DP | F89: 100 | G89: =INDEX($B$2:$B$9999,MATCH(_xlfn.MAXIFS($F$2:$F$9999,$C$2:$C$9999,C89),$F$1:$F$9999,0)) -> 2024/04 | H89: =_xlfn.MAXIFS(F:F,C:C,C89,G:G,G89) -> 210 | J89: 14-C-565 | K89: DROP-CABLE(LC/PC-FC/PC) | L89: 15M | M89: 10 | N89: =+M89/20 -> 0.5 | O89: =VLOOKUP(J89,$C$2:$G$9999,5,0) -> 2024/01 | P89: =VLOOKUP(J89,$C$2:$H$9999,6,0) -> 10 | Q89: =VLOOKUP(J89,'구매현황_2301-2603'!$E$2:$I$1312,5,0) -> #N/A | R89: =VLOOKUP(Q89,리드타임!$B$3:$D$10,3,0) -> #N/A | S89: =IFERROR(N89/20*R89,N89/20*90) -> 2.25
A90: 89 | B90: 2024/01 | C90: 14-K-A117 | D90: OJC-A1-SC/LC-SM-15-PC/PC-DP | E90: LC/DP CLIP Type | F90: 2 | G90: =INDEX($B$2:$B$9999,MATCH(_xlfn.MAXIFS($F$2:$F$9999,$C$2:$C$9999,C90),$F$1:$F$9999,0)) -> 2024/01 | H90: =_xlfn.MAXIFS(F:F,C:C,C90,G:G,G90) -> 10 | J90: 14-C-567 | K90: DROP-CABLE(LC/UPC)-2C | L90: 1M, CLIP Type, 청색 Housing, 분기부 스프링, 크로스 타입(TX-RX, RX-TX) | M90: 53 | N90: =+M90/20 -> 2.65 | O90: =VLOOKUP(J90,$C$2:$G$9999,5,0) -> 2024/02 | P90: =VLOOKUP(J90,$C$2:$H$9999,6,0) -> 53 | Q90: =VLOOKUP(J90,'구매현황_2301-2603'!$E$2:$I$1312,5,0) -> Shenzhen Fibercan Optical Co., Ltd | R90: =VLOOKUP(Q90,리드타임!$B$3:$D$10,3,0) -> 40 | S90: =IFERROR(N90/20*R90,N90/20*90) -> 5.3
A91: 90 | B91: 2024/01 | C91: 14-K-A92 | D91: OJC-A1-LC/LC-SM-10-PC/PC-DP | E91: 적색 | F91: 10 | G91: =INDEX($B$2:$B$9999,MATCH(_xlfn.MAXIFS($F$2:$F$9999,$C$2:$C$9999,C91),$F$1:$F$9999,0)) -> 2024/01 | H91: =_xlfn.MAXIFS(F:F,C:C,C91,G:G,G91) -> 30 | J91: 14-C-568 | K91: DROP-CABLE(SC/PC)-2C | L91: 20M | M91: 42 | N91: =+M91/20 -> 2.1 | O91: =VLOOKUP(J91,$C$2:$G$9999,5,0) -> 2024/01 | P91: =VLOOKUP(J91,$C$2:$H$9999,6,0) -> 20 | Q91: =VLOOKUP(J91,'구매현황_2301-2603'!$E$2:$I$1312,5,0) -> #N/A | R91: =VLOOKUP(Q91,리드타임!$B$3:$D$10,3,0) -> #N/A | S91: =IFERROR(N91/20*R91,N91/20*90) -> 9.45
A92: 91 | B92: 2024/01 | C92: 14-K-B158 | D92: OJC-A1-LC/LC-SM-5-PC/PC-DP | E92: 적색 | F92: 15 | G92: =INDEX($B$2:$B$9999,MATCH(_xlfn.MAXIFS($F$2:$F$9999,$C$2:$C$9999,C92),$F$1:$F$9999,0)) -> 2024/01 | H92: =_xlfn.MAXIFS(F:F,C:C,C92,G:G,G92) -> 15 | J92: 14-C-583 | K92: DROP-CABLE(LC/PC)-2C | L92: 15M | M92: 130 | N92: =+M92/20 -> 6.5 | O92: =VLOOKUP(J92,$C$2:$G$9999,5,0) -> 2024/01 | P92: =VLOOKUP(J92,$C$2:$H$9999,6,0) -> 40 | Q92: =VLOOKUP(J92,'구매현황_2301-2603'!$E$2:$I$1312,5,0) -> #N/A | R92: =VLOOKUP(Q92,리드타임!$B$3:$D$10,3,0) -> #N/A | S92: =IFERROR(N92/20*R92,N92/20*90) -> 29.25
A93: 92 | B93: 2024/01 | C93: 14-K-B321 | D93: OJC-A1-SC/SC-SM-0.8-PC/PC-SP | F93: 188 | G93: =INDEX($B$2:$B$9999,MATCH(_xlfn.MAXIFS($F$2:$F$9999,$C$2:$C$9999,C93),$F$1:$F$9999,0)) -> 2024/01 | H93: =_xlfn.MAXIFS(F:F,C:C,C93,G:G,G93) -> 188 | J93: 14-C-584 | K93: Optical Cable Parts,LC/PC-LC/PC-Single mode-5m-1Core | L93: 657A2 , LSZH | M93: 50 | N93: =+M93/20 -> 2.5 | O93: =VLOOKUP(J93,$C$2:$G$9999,5,0) -> 2024/01 | P93: =VLOOKUP(J93,$C$2:$H$9999,6,0) -> 50 | Q93: =VLOOKUP(J93,'구매현황_2301-2603'!$E$2:$I$1312,5,0) -> #N/A | R93: =VLOOKUP(Q93,리드타임!$B$3:$D$10,3,0) -> #N/A | S93: =IFERROR(N93/20*R93,N93/20*90) -> 11.25
A94: 93 | B94: 2024/01 | C94: 14-M-048 | D94: MOJC-SM-12C-SC/PC-SC/PC | E94: 20M | F94: 30 | G94: =INDEX($B$2:$B$9999,MATCH(_xlfn.MAXIFS($F$2:$F$9999,$C$2:$C$9999,C94),$F$1:$F$9999,0)) -> 2024/01 | H94: =_xlfn.MAXIFS(F:F,C:C,C94,G:G,G94) -> 30 | J94: 14-C-600 | K94: DROP-CABLE(LC/PC)-2C | L94: 20M | M94: 202 | N94: =+M94/20 -> 10.1 | O94: =VLOOKUP(J94,$C$2:$G$9999,5,0) -> 2024/01 | P94: =VLOOKUP(J94,$C$2:$H$9999,6,0) -> 55 | Q94: =VLOOKUP(J94,'구매현황_2301-2603'!$E$2:$I$1312,5,0) -> #N/A | R94: =VLOOKUP(Q94,리드타임!$B$3:$D$10,3,0) -> #N/A | S94: =IFERROR(N94/20*R94,N94/20*90) -> 45.45
A95: 94 | B95: 2024/01 | C95: 14-M-054 | D95: MOJC-SM-12C-SC/PC-SC/PC | E95: 8M | F95: 40 | G95: =INDEX($B$2:$B$9999,MATCH(_xlfn.MAXIFS($F$2:$F$9999,$C$2:$C$9999,C95),$F$1:$F$9999,0)) -> 2024/01 | H95: =_xlfn.MAXIFS(F:F,C:C,C95,G:G,G95) -> 40 | J95: 14-C-601 | K95: Optical Cable Parts,LC/PC-LC/PC-Single mode-10m-1Core | L95: 657A2 , LSZH , LC DUPLEX KIT(CLIP), 0MM/ 300MM | M95: 50 | N95: =+M95/20 -> 2.5 | O95: =VLOOKUP(J95,$C$2:$G$9999,5,0) -> 2024/01 | P95: =VLOOKUP(J95,$C$2:$H$9999,6,0) -> 50 | Q95: =VLOOKUP(J95,'구매현황_2301-2603'!$E$2:$I$1312,5,0) -> #N/A | R95: =VLOOKUP(Q95,리드타임!$B$3:$D$10,3,0) -> #N/A | S95: =IFERROR(N95/20*R95,N95/20*90) -> 11.25
A96: 95 | B96: 2024/01 | C96: 14-M-715 | D96: MOJC-SM-24C-LC/PC-LC/PC | E96: 3M | F96: 2 | G96: =INDEX($B$2:$B$9999,MATCH(_xlfn.MAXIFS($F$2:$F$9999,$C$2:$C$9999,C96),$F$1:$F$9999,0)) -> 2024/01 | H96: =_xlfn.MAXIFS(F:F,C:C,C96,G:G,G96) -> 2 | J96: 14-C-609 | K96: DROP-CABLE(LC/PC)-2C | L96: 200M | M96: 2 | N96: =+M96/20 -> 0.1 | O96: =VLOOKUP(J96,$C$2:$G$9999,5,0) -> 2024/01 | P96: =VLOOKUP(J96,$C$2:$H$9999,6,0) -> 2 | Q96: =VLOOKUP(J96,'구매현황_2301-2603'!$E$2:$I$1312,5,0) -> #N/A | R96: =VLOOKUP(Q96,리드타임!$B$3:$D$10,3,0) -> #N/A | S96: =IFERROR(N96/20*R96,N96/20*90) -> 0.45
A97: 96 | B97: 2024/01 | C97: 14-P-001 | D97: PIGTAIL-FC/APC-SM-12C (0.9mm) | E97: 1.5M_12색 | F97: 1 | G97: =INDEX($B$2:$B$9999,MATCH(_xlfn.MAXIFS($F$2:$F$9999,$C$2:$C$9999,C97),$F$1:$F$9999,0)) -> 2024/01 | H97: =_xlfn.MAXIFS(F:F,C:C,C97,G:G,G97) -> 1 | J97: 14-C-614 | K97: Optical Cable Parts,LC/PC-LC/PC-Single mode-10m-2Core | L97: 657A2 , LSZH , LC DUPLEX KIT(CLIP), 1,000MM/1,000MM | M97: 50 | N97: =+M97/20 -> 2.5 | O97: =VLOOKUP(J97,$C$2:$G$9999,5,0) -> 2024/01 | P97: =VLOOKUP(J97,$C$2:$H$9999,6,0) -> 50 | Q97: =VLOOKUP(J97,'구매현황_2301-2603'!$E$2:$I$1312,5,0) -> #N/A | R97: =VLOOKUP(Q97,리드타임!$B$3:$D$10,3,0) -> #N/A | S97: =IFERROR(N97/20*R97,N97/20*90) -> 11.25
A98: 97 | B98: 2024/01 | C98: 14-P-006 | D98: PIGTAIL-LC/PC-SM-1C (0.9mm) | E98: 1.5M | F98: 224 | G98: =INDEX($B$2:$B$9999,MATCH(_xlfn.MAXIFS($F$2:$F$9999,$C$2:$C$9999,C98),$F$1:$F$9999,0)) -> 2024/02 | H98: =_xlfn.MAXIFS(F:F,C:C,C98,G:G,G98) -> 756 | J98: 14-C-615 | K98: Optical Cable Parts,LC/PC-LC/PC-Single mode-15m-2Core | L98: 657A2 , LSZH , LC DUPLEX KIT(CLIP), 1,000MM/1,000MM | M98: 50 | N98: =+M98/20 -> 2.5 | O98: =VLOOKUP(J98,$C$2:$G$9999,5,0) -> 2024/01 | P98: =VLOOKUP(J98,$C$2:$H$9999,6,0) -> 50 | Q98: =VLOOKUP(J98,'구매현황_2301-2603'!$E$2:$I$1312,5,0) -> #N/A | R98: =VLOOKUP(Q98,리드타임!$B$3:$D$10,3,0) -> #N/A | S98: =IFERROR(N98/20*R98,N98/20*90) -> 11.25
A99: 98 | B99: 2024/01 | C99: 14-P-010 | D99: PIGTAIL-SC/APC-SM-12C (0.9mm) | E99: 1.5M_12색 | F99: 10 | G99: =INDEX($B$2:$B$9999,MATCH(_xlfn.MAXIFS($F$2:$F$9999,$C$2:$C$9999,C99),$F$1:$F$9999,0)) -> 2024/04 | H99: =_xlfn.MAXIFS(F:F,C:C,C99,G:G,G99) -> 255 | J99: 14-C-627 | K99: DROP-CABLE(LC/PC-SC/PC)-2C | L99: 100M | M99: 2 | N99: =+M99/20 -> 0.1 | O99: =VLOOKUP(J99,$C$2:$G$9999,5,0) -> 2024/01 | P99: =VLOOKUP(J99,$C$2:$H$9999,6,0) -> 1 | Q99: =VLOOKUP(J99,'구매현황_2301-2603'!$E$2:$I$1312,5,0) -> #N/A | R99: =VLOOKUP(Q99,리드타임!$B$3:$D$10,3,0) -> #N/A | S99: =IFERROR(N99/20*R99,N99/20*90) -> 0.45
A100: 99 | B100: 2024/01 | C100: 14-P-018 | D100: PIGTAIL-SC/PC-SM-1C (0.9mm) | E100: 1.5M | F100: 940 | G100: =INDEX($B$2:$B$9999,MATCH(_xlfn.MAXIFS($F$2:$F$9999,$C$2:$C$9999,C100),$F$1:$F$9999,0)) -> 2026/01 | H100: =_xlfn.MAXIFS(F:F,C:C,C100,G:G,G100) -> 11550 | J100: 14-C-628 | K100: DROP-CABLE(LC/PC-SC/PC)-2C | L100: 70M | M100: 1 | N100: =+M100/20 -> 0.05 | O100: =VLOOKUP(J100,$C$2:$G$9999,5,0) -> 2024/01 | P100: =VLOOKUP(J100,$C$2:$H$9999,6,0) -> 1 | Q100: =VLOOKUP(J100,'구매현황_2301-2603'!$E$2:$I$1312,5,0) -> #N/A | R100: =VLOOKUP(Q100,리드타임!$B$3:$D$10,3,0) -> #N/A | S100: =IFERROR(N100/20*R100,N100/20*90) -> 0.225
A101: 100 | B101: 2024/01 | C101: 14-P-025 | D101: PIGTAIL-SC/APC-SM-12C (SK성단용) | E101: 1.5M | F101: 332 | G101: =INDEX($B$2:$B$9999,MATCH(_xlfn.MAXIFS($F$2:$F$9999,$C$2:$C$9999,C101),$F$1:$F$9999,0)) -> 2024/03 | H101: =_xlfn.MAXIFS(F:F,C:C,C101,G:G,G101) -> 702 | J101: 14-C-630 | K101: DROP-CABLE(LC/PC-LC/APC)-2C | L101: 30M | M101: 5 | N101: =+M101/20 -> 0.25 | O101: =VLOOKUP(J101,$C$2:$G$9999,5,0) -> 2024/01 | P101: =VLOOKUP(J101,$C$2:$H$9999,6,0) -> 5 | Q101: =VLOOKUP(J101,'구매현황_2301-2603'!$E$2:$I$1312,5,0) -> #N/A | R101: =VLOOKUP(Q101,리드타임!$B$3:$D$10,3,0) -> #N/A | S101: =IFERROR(N101/20*R101,N101/20*90) -> 1.125
A102: 101 | B102: 2024/01 | C102: 14-P-029 | D102: PIGTAIL-SC/PC-SM-12C (SK성단용) | E102: 1.5M | F102: 16 | G102: =INDEX($B$2:$B$9999,MATCH(_xlfn.MAXIFS($F$2:$F$9999,$C$2:$C$9999,C102),$F$1:$F$9999,0)) -> 2024/01 | H102: =_xlfn.MAXIFS(F:F,C:C,C102,G:G,G102) -> 80 | J102: 14-C-631 | K102: Optical Cable Parts,LC/PC-LC/PC-Single mode-5m-2Core | L102: 657A2 , LSZH , LC DUPLEX KIT(CLIP), 300MM/ 300MM | M102: 450 | N102: =+M102/20 -> 22.5 | O102: =VLOOKUP(J102,$C$2:$G$9999,5,0) -> 2024/01 | P102: =VLOOKUP(J102,$C$2:$H$9999,6,0) -> 100 | Q102: =VLOOKUP(J102,'구매현황_2301-2603'!$E$2:$I$1312,5,0) -> #N/A | R102: =VLOOKUP(Q102,리드타임!$B$3:$D$10,3,0) -> #N/A | S102: =IFERROR(N102/20*R102,N102/20*90) -> 101.25
A103: 102 | B103: 2024/01 | C103: 14-P-030 | D103: PIGTAIL-SC/PC-SM-12C (0.9mm) | E103: 1.5M_(노란색) | F103: 10 | G103: =INDEX($B$2:$B$9999,MATCH(_xlfn.MAXIFS($F$2:$F$9999,$C$2:$C$9999,C103),$F$1:$F$9999,0)) -> 2024/07 | H103: =_xlfn.MAXIFS(F:F,C:C,C103,G:G,G103) -> 148 | J103: 14-C-642 | K103: DROP-CABLE(SC/PC)-2C | L103: 3M | M103: 4 | N103: =+M103/20 -> 0.2 | O103: =VLOOKUP(J103,$C$2:$G$9999,5,0) -> 2024/01 | P103: =VLOOKUP(J103,$C$2:$H$9999,6,0) -> 4 | Q103: =VLOOKUP(J103,'구매현황_2301-2603'!$E$2:$I$1312,5,0) -> #N/A | R103: =VLOOKUP(Q103,리드타임!$B$3:$D$10,3,0) -> #N/A | S103: =IFERROR(N103/20*R103,N103/20*90) -> 0.9
A104: 103 | B104: 2024/01 | C104: 14-P-073 | D104: PIGTAIL-SC/APC-SM-2C (0.9mm) | E104: 1.5M_노란색 | F104: 10 | G104: =INDEX($B$2:$B$9999,MATCH(_xlfn.MAXIFS($F$2:$F$9999,$C$2:$C$9999,C104),$F$1:$F$9999,0)) -> 2024/01 | H104: =_xlfn.MAXIFS(F:F,C:C,C104,G:G,G104) -> 50 | J104: 14-C-643 | K104: DROP-CABLE(LC/APC)-2C | L104: 6M | M104: 30 | N104: =+M104/20 -> 1.5 | O104: =VLOOKUP(J104,$C$2:$G$9999,5,0) -> 2024/01 | P104: =VLOOKUP(J104,$C$2:$H$9999,6,0) -> 30 | Q104: =VLOOKUP(J104,'구매현황_2301-2603'!$E$2:$I$1312,5,0) -> #N/A | R104: =VLOOKUP(Q104,리드타임!$B$3:$D$10,3,0) -> #N/A | S104: =IFERROR(N104/20*R104,N104/20*90) -> 6.75
A105: 104 | B105: 2024/01 | C105: 14-S-179 | D105: SOJC-SM-SC/APC-SC/APC | E105: 15M | F105: 10 | G105: =INDEX($B$2:$B$9999,MATCH(_xlfn.MAXIFS($F$2:$F$9999,$C$2:$C$9999,C105),$F$1:$F$9999,0)) -> 2024/01 | H105: =_xlfn.MAXIFS(F:F,C:C,C105,G:G,G105) -> 50 | J105: 14-C-644 | K105: DROP-CABLE(SC/PC)-2C | L105: 100M | M105: 1 | N105: =+M105/20 -> 0.05 | O105: =VLOOKUP(J105,$C$2:$G$9999,5,0) -> 2024/01 | P105: =VLOOKUP(J105,$C$2:$H$9999,6,0) -> 1 | Q105: =VLOOKUP(J105,'구매현황_2301-2603'!$E$2:$I$1312,5,0) -> #N/A | R105: =VLOOKUP(Q105,리드타임!$B$3:$D$10,3,0) -> #N/A | S105: =IFERROR(N105/20*R105,N105/20*90) -> 0.225
A106: 105 | B106: 2024/01 | C106: 14-S-185 | D106: SOJC-SM-SC/APC-SC/APC | E106: 3M | F106: 10 | G106: =INDEX($B$2:$B$9999,MATCH(_xlfn.MAXIFS($F$2:$F$9999,$C$2:$C$9999,C106),$F$1:$F$9999,0)) -> 2024/01 | H106: =_xlfn.MAXIFS(F:F,C:C,C106,G:G,G106) -> 100 | J106: 14-C-655 | K106: DROP-CABLE(LC/PC-SC/PC)-2C | L106: 5M | N106: =+M106/20 -> 0 | O106: =VLOOKUP(J106,$C$2:$G$9999,5,0) -> #N/A | P106: =VLOOKUP(J106,$C$2:$H$9999,6,0) -> 0 | Q106: =VLOOKUP(J106,'구매현황_2301-2603'!$E$2:$I$1312,5,0) -> #N/A | R106: =VLOOKUP(Q106,리드타임!$B$3:$D$10,3,0) -> #N/A | S106: =IFERROR(N106/20*R106,N106/20*90) -> 0
A107: 106 | B107: 2024/01 | C107: 14-S-245 | D107: SOJC-SM-SC/PC-SC/APC | E107: 2M | F107: 2 | G107: =INDEX($B$2:$B$9999,MATCH(_xlfn.MAXIFS($F$2:$F$9999,$C$2:$C$9999,C107),$F$1:$F$9999,0)) -> 2024/01 | H107: =_xlfn.MAXIFS(F:F,C:C,C107,G:G,G107) -> 105 | J107: 14-C-656 | K107: DROP-CABLE(LC/PC-SC/PC)-2C | L107: 10M | N107: =+M107/20 -> 0 | O107: =VLOOKUP(J107,$C$2:$G$9999,5,0) -> #N/A | P107: =VLOOKUP(J107,$C$2:$H$9999,6,0) -> 0 | Q107: =VLOOKUP(J107,'구매현황_2301-2603'!$E$2:$I$1312,5,0) -> #N/A | R107: =VLOOKUP(Q107,리드타임!$B$3:$D$10,3,0) -> #N/A | S107: =IFERROR(N107/20*R107,N107/20*90) -> 0
A108: 107 | B108: 2024/01 | C108: 14-S-249 | D108: SOJC-SM-SC/PC-SC/APC | E108: 3M | F108: 20 | G108: =INDEX($B$2:$B$9999,MATCH(_xlfn.MAXIFS($F$2:$F$9999,$C$2:$C$9999,C108),$F$1:$F$9999,0)) -> 2024/02 | H108: =_xlfn.MAXIFS(F:F,C:C,C108,G:G,G108) -> 400 | J108: 14-C-657 | K108: DROP-CABLE(LC/PC-SC/PC)-2C | L108: 15M | M108: 1 | N108: =+M108/20 -> 0.05 | O108: =VLOOKUP(J108,$C$2:$G$9999,5,0) -> 2024/01 | P108: =VLOOKUP(J108,$C$2:$H$9999,6,0) -> 1 | Q108: =VLOOKUP(J108,'구매현황_2301-2603'!$E$2:$I$1312,5,0) -> #N/A | R108: =VLOOKUP(Q108,리드타임!$B$3:$D$10,3,0) -> #N/A | S108: =IFERROR(N108/20*R108,N108/20*90) -> 0.225
A109: 108 | B109: 2024/01 | C109: 14-S-256 | D109: SOJC-SM-SC/PC-SC/PC | E109: 0.5M | F109: 50 | G109: =INDEX($B$2:$B$9999,MATCH(_xlfn.MAXIFS($F$2:$F$9999,$C$2:$C$9999,C109),$F$1:$F$9999,0)) -> 2024/01 | H109: =_xlfn.MAXIFS(F:F,C:C,C109,G:G,G109) -> 50 | J109: 14-C-658 | K109: Optical Cable Parts,LC/PC-LC/PC-Single mode-5m-2Core | L109: 657A2 , LSZH , LC DUPLEX KIT(CLIP), 0MM/ 300MM | M109: 150 | N109: =+M109/20 -> 7.5 | O109: =VLOOKUP(J109,$C$2:$G$9999,5,0) -> 2024/01 | P109: =VLOOKUP(J109,$C$2:$H$9999,6,0) -> 50 | Q109: =VLOOKUP(J109,'구매현황_2301-2603'!$E$2:$I$1312,5,0) -> #N/A | R109: =VLOOKUP(Q109,리드타임!$B$3:$D$10,3,0) -> #N/A | S109: =IFERROR(N109/20*R109,N109/20*90) -> 33.75
A110: 109 | B110: 2024/01 | C110: 14-S-268 | D110: SOJC-SM-SC/PC-SC/PC | E110: 3M | F110: 60 | G110: =INDEX($B$2:$B$9999,MATCH(_xlfn.MAXIFS($F$2:$F$9999,$C$2:$C$9999,C110),$F$1:$F$9999,0)) -> 2024/01 | H110: =_xlfn.MAXIFS(F:F,C:C,C110,G:G,G110) -> 300 | J110: 14-C-659 | K110: DROP-CABLE(LC/PC)-2C | L110: 25M | M110: 20 | N110: =+M110/20 -> 1 | O110: =VLOOKUP(J110,$C$2:$G$9999,5,0) -> 2024/01 | P110: =VLOOKUP(J110,$C$2:$H$9999,6,0) -> 20 | Q110: =VLOOKUP(J110,'구매현황_2301-2603'!$E$2:$I$1312,5,0) -> #N/A | R110: =VLOOKUP(Q110,리드타임!$B$3:$D$10,3,0) -> #N/A | S110: =IFERROR(N110/20*R110,N110/20*90) -> 4.5
A111: 110 | B111: 2024/01 | C111: 37-S-006 | D111: SPLITTER (1:2,SC/PC) | E111: IN 1M, OUT 0.6M | F111: 1 | G111: =INDEX($B$2:$B$9999,MATCH(_xlfn.MAXIFS($F$2:$F$9999,$C$2:$C$9999,C111),$F$1:$F$9999,0)) -> 2024/02 | H111: =_xlfn.MAXIFS(F:F,C:C,C111,G:G,G111) -> 59 | J111: 14-C-660 | K111: DROP-CABLE(LC/PC)-2C | L111: 50M | M111: 30 | N111: =+M111/20 -> 1.5 | O111: =VLOOKUP(J111,$C$2:$G$9999,5,0) -> 2024/01 | P111: =VLOOKUP(J111,$C$2:$H$9999,6,0) -> 20 | Q111: =VLOOKUP(J111,'구매현황_2301-2603'!$E$2:$I$1312,5,0) -> #N/A | R111: =VLOOKUP(Q111,리드타임!$B$3:$D$10,3,0) -> #N/A | S111: =IFERROR(N111/20*R111,N111/20*90) -> 6.75
A112: 111 | B112: 2024/01 | C112: 37-S-006CW | D112: SPLITTER (1:2,SC/PC) | E112: IN 1M, OUT 1M, WHITE CABLE | F112: 50 | G112: =INDEX($B$2:$B$9999,MATCH(_xlfn.MAXIFS($F$2:$F$9999,$C$2:$C$9999,C112),$F$1:$F$9999,0)) -> 2024/01 | H112: =_xlfn.MAXIFS(F:F,C:C,C112,G:G,G112) -> 50 | J112: 14-C-661 | K112: DROP-CABLE(SC/PC)-2C | L112: 10M | M112: 150 | N112: =+M112/20 -> 7.5 | O112: =VLOOKUP(J112,$C$2:$G$9999,5,0) -> 2024/01 | P112: =VLOOKUP(J112,$C$2:$H$9999,6,0) -> 100 | Q112: =VLOOKUP(J112,'구매현황_2301-2603'!$E$2:$I$1312,5,0) -> #N/A | R112: =VLOOKUP(Q112,리드타임!$B$3:$D$10,3,0) -> #N/A | S112: =IFERROR(N112/20*R112,N112/20*90) -> 33.75
A113: 112 | B113: 2024/01 | C113: A14-D-FP/FP-B-N-006 | D113: DOJC-SM-FC/PC-FC/PC | E113: 908040590, 2M, B3, 3.0mm | F113: 10 | G113: =INDEX($B$2:$B$9999,MATCH(_xlfn.MAXIFS($F$2:$F$9999,$C$2:$C$9999,C113),$F$1:$F$9999,0)) -> 2024/01 | H113: =_xlfn.MAXIFS(F:F,C:C,C113,G:G,G113) -> 10 | J113: 14-C-662 | K113: DROP-CABLE(LC/APC)-2C | L113: 110M | M113: 1 | N113: =+M113/20 -> 0.05 | O113: =VLOOKUP(J113,$C$2:$G$9999,5,0) -> 2024/01 | P113: =VLOOKUP(J113,$C$2:$H$9999,6,0) -> 1 | Q113: =VLOOKUP(J113,'구매현황_2301-2603'!$E$2:$I$1312,5,0) -> #N/A | R113: =VLOOKUP(Q113,리드타임!$B$3:$D$10,3,0) -> #N/A | S113: =IFERROR(N113/20*R113,N113/20*90) -> 0.225
A114: 113 | B114: 2024/01 | C114: A14-D-LP/FP-B-N-007 | D114: DOJC-SM-LC/PC-FC/PC | E114: 908040715, 2M, B3, 3.0mm | F114: 5 | G114: =INDEX($B$2:$B$9999,MATCH(_xlfn.MAXIFS($F$2:$F$9999,$C$2:$C$9999,C114),$F$1:$F$9999,0)) -> 2024/01 | H114: =_xlfn.MAXIFS(F:F,C:C,C114,G:G,G114) -> 5 | J114: 14-C-663 | K114: DROP-CABLE(SC/PC)-2C | L114: 15M | M114: 70 | N114: =+M114/20 -> 3.5 | O114: =VLOOKUP(J114,$C$2:$G$9999,5,0) -> 2024/01 | P114: =VLOOKUP(J114,$C$2:$H$9999,6,0) -> 50 | Q114: =VLOOKUP(J114,'구매현황_2301-2603'!$E$2:$I$1312,5,0) -> #N/A | R114: =VLOOKUP(Q114,리드타임!$B$3:$D$10,3,0) -> #N/A | S114: =IFERROR(N114/20*R114,N114/20*90) -> 15.75
A115: 114 | B115: 2024/01 | C115: A14-D-LP/FP-B-N-009 | D115: DOJC-SM-LC/PC-FC/PC | E115: 908040713, 3M, B3, 3.0mm | F115: 3 | G115: =INDEX($B$2:$B$9999,MATCH(_xlfn.MAXIFS($F$2:$F$9999,$C$2:$C$9999,C115),$F$1:$F$9999,0)) -> 2024/01 | H115: =_xlfn.MAXIFS(F:F,C:C,C115,G:G,G115) -> 20 | J115: 14-C-672 | K115: DROP-CABLE(LC/APC)-2C | L115: 2M | M115: 65 | N115: =+M115/20 -> 3.25 | O115: =VLOOKUP(J115,$C$2:$G$9999,5,0) -> 2024/02 | P115: =VLOOKUP(J115,$C$2:$H$9999,6,0) -> 65 | Q115: =VLOOKUP(J115,'구매현황_2301-2603'!$E$2:$I$1312,5,0) -> #N/A | R115: =VLOOKUP(Q115,리드타임!$B$3:$D$10,3,0) -> #N/A | S115: =IFERROR(N115/20*R115,N115/20*90) -> 14.625
A116: 115 | B116: 2024/01 | C116: A14-D-SP/FA-B-N-003 | D116: DOJC-SM-SC/PC-FC/APC | E116: 908040451, 19M, B3, 2.0mm | F116: 15 | G116: =INDEX($B$2:$B$9999,MATCH(_xlfn.MAXIFS($F$2:$F$9999,$C$2:$C$9999,C116),$F$1:$F$9999,0)) -> 2024/01 | H116: =_xlfn.MAXIFS(F:F,C:C,C116,G:G,G116) -> 15 | J116: 14-C-673 | K116: DROP-CABLE(SC/PC)-2C | L116: 7M | M116: 50 | N116: =+M116/20 -> 2.5 | O116: =VLOOKUP(J116,$C$2:$G$9999,5,0) -> 2024/01 | P116: =VLOOKUP(J116,$C$2:$H$9999,6,0) -> 50 | Q116: =VLOOKUP(J116,'구매현황_2301-2603'!$E$2:$I$1312,5,0) -> #N/A | R116: =VLOOKUP(Q116,리드타임!$B$3:$D$10,3,0) -> #N/A | S116: =IFERROR(N116/20*R116,N116/20*90) -> 11.25
A117: 116 | B117: 2024/01 | C117: A14-D-SP/SP-B-N-015 | D117: DOJC-SM-SC/PC-SC/PC | E117: 908040227, 7M, B3, 2.0mm | F117: 20 | G117: =INDEX($B$2:$B$9999,MATCH(_xlfn.MAXIFS($F$2:$F$9999,$C$2:$C$9999,C117),$F$1:$F$9999,0)) -> 2024/01 | H117: =_xlfn.MAXIFS(F:F,C:C,C117,G:G,G117) -> 100 | J117: 14-C-674 | K117: DROP-CABLE(LC/PC)-2C | L117: 220M | M117: 1 | N117: =+M117/20 -> 0.05 | O117: =VLOOKUP(J117,$C$2:$G$9999,5,0) -> 2024/01 | P117: =VLOOKUP(J117,$C$2:$H$9999,6,0) -> 1 | Q117: =VLOOKUP(J117,'구매현황_2301-2603'!$E$2:$I$1312,5,0) -> #N/A | R117: =VLOOKUP(Q117,리드타임!$B$3:$D$10,3,0) -> #N/A | S117: =IFERROR(N117/20*R117,N117/20*90) -> 0.225
A118: 117 | B118: 2024/01 | C118: A14-D1-N003 | D118: DOJC-MM-LC/PC-LC/PC | E118: 920000788, 6M | F118: 20 | G118: =INDEX($B$2:$B$9999,MATCH(_xlfn.MAXIFS($F$2:$F$9999,$C$2:$C$9999,C118),$F$1:$F$9999,0)) -> 2024/01 | H118: =_xlfn.MAXIFS(F:F,C:C,C118,G:G,G118) -> 20 | J118: 14-C-675 | K118: DROP-CABLE(SC/PC)-2C | L118: 30M | M118: 30 | N118: =+M118/20 -> 1.5 | O118: =VLOOKUP(J118,$C$2:$G$9999,5,0) -> 2024/01 | P118: =VLOOKUP(J118,$C$2:$H$9999,6,0) -> 20 | Q118: =VLOOKUP(J118,'구매현황_2301-2603'!$E$2:$I$1312,5,0) -> #N/A | R118: =VLOOKUP(Q118,리드타임!$B$3:$D$10,3,0) -> #N/A | S118: =IFERROR(N118/20*R118,N118/20*90) -> 6.75
A119: 118 | B119: 2024/01 | C119: A14-D1-N004 | D119: DOJC-MM-LC/PC-LC/PC | E119: 920000789, 7M | F119: 2 | G119: =INDEX($B$2:$B$9999,MATCH(_xlfn.MAXIFS($F$2:$F$9999,$C$2:$C$9999,C119),$F$1:$F$9999,0)) -> 2024/01 | H119: =_xlfn.MAXIFS(F:F,C:C,C119,G:G,G119) -> 36 | J119: 14-C-676 | K119: Optical Cable Parts,LC/PC-LC/PC-Single mode-10m-2Core | L119: 657A2 , LSZH , LC DUPLEX KIT(CLIP), 300MM/ 300MM | M119: 300 | N119: =+M119/20 -> 15 | O119: =VLOOKUP(J119,$C$2:$G$9999,5,0) -> 2024/01 | P119: =VLOOKUP(J119,$C$2:$H$9999,6,0) -> 100 | Q119: =VLOOKUP(J119,'구매현황_2301-2603'!$E$2:$I$1312,5,0) -> #N/A | R119: =VLOOKUP(Q119,리드타임!$B$3:$D$10,3,0) -> #N/A | S119: =IFERROR(N119/20*R119,N119/20*90) -> 67.5
... A175: 174 | B175: 2024/01 | C175: A14-DB-N404 | D175: DOJC-SM-SC/PC-FC/APC | E175: 908040452, 20M, B3, 2.0mm | F175: 70 | G175: =INDEX($B$2:$B$9999,MATCH(_xlfn.MAXIFS($F$2:$F$9999,$C$2:$C$9999,C175),$F$1:$F$9999,0)) -> 2024/05 | H175: =_xlfn.MAXIFS(F:F,C:C,C175,G:G,G175) -> 206 | J175: 14-D-233 | K175: DOJC-SM-LC/PC-LC/PC | L175: 1M | M175: 95 | N175: =+M175/20 -> 4.75 | O175: =VLOOKUP(J175,$C$2:$G$9999,5,0) -> 2024/01 | P175: =VLOOKUP(J175,$C$2:$H$9999,6,0) -> 95 | Q175: =VLOOKUP(J175,'구매현황_2301-2603'!$E$2:$I$1312,5,0) -> #N/A | R175: =VLOOKUP(Q175,리드타임!$B$3:$D$10,3,0) -> #N/A | S175: =IFERROR(N175/20*R175,N175/20*90) -> 21.375
A176: 175 | B176: 2024/01 | C176: A14-DB-N407 | D176: DOJC-SM-SC/PC-FC/APC | E176: 908040457, 25M, B3, 2.0mm | F176: 3 | G176: =INDEX($B$2:$B$9999,MATCH(_xlfn.MAXIFS($F$2:$F$9999,$C$2:$C$9999,C176),$F$1:$F$9999,0)) -> 2024/02 | H176: =_xlfn.MAXIFS(F:F,C:C,C176,G:G,G176) -> 53 | L176: 1M, A1, 2.0mm | M176: 90 | N176: =+M176/20 -> 4.5 | O176: =VLOOKUP(J176,$C$2:$G$9999,5,0) -> #N/A | P176: =VLOOKUP(J176,$C$2:$H$9999,6,0) -> #N/A | Q176: =VLOOKUP(J176,'구매현황_2301-2603'!$E$2:$I$1312,5,0) -> #N/A | R176: =VLOOKUP(Q176,리드타임!$B$3:$D$10,3,0) -> #N/A | S176: =IFERROR(N176/20*R176,N176/20*90) -> 20.25
A177: 176 | B177: 2024/01 | C177: A14-DB-N409 | D177: DOJC-SM-SC/PC-FC/APC | E177: 908040462, 30M, B3, 2.0mm | F177: 10 | G177: =INDEX($B$2:$B$9999,MATCH(_xlfn.MAXIFS($F$2:$F$9999,$C$2:$C$9999,C177),$F$1:$F$9999,0)) -> 2024/01 | H177: =_xlfn.MAXIFS(F:F,C:C,C177,G:G,G177) -> 45 | J177: 14-D-234 | K177: DOJC-SM-LC/PC-LC/PC | L177: 20M | M177: 390 | N177: =+M177/20 -> 19.5 | O177: =VLOOKUP(J177,$C$2:$G$9999,5,0) -> 2024/01 | P177: =VLOOKUP(J177,$C$2:$H$9999,6,0) -> 100 | Q177: =VLOOKUP(J177,'구매현황_2301-2603'!$E$2:$I$1312,5,0) -> #N/A | R177: =VLOOKUP(Q177,리드타임!$B$3:$D$10,3,0) -> #N/A | S177: =IFERROR(N177/20*R177,N177/20*90) -> 87.75
A178: 177 | B178: 2024/01 | C178: A14-DB-N418 | D178: DOJC-SM-SC/PC-FC/APC | E178: 908040437, 5M, B3, 3.0mm | F178: 5 | G178: =INDEX($B$2:$B$9999,MATCH(_xlfn.MAXIFS($F$2:$F$9999,$C$2:$C$9999,C178),$F$1:$F$9999,0)) -> 2024/01 | H178: =_xlfn.MAXIFS(F:F,C:C,C178,G:G,G178) -> 20 | J178: 14-D-234R | K178: DOJC-SM-LC/PC-LC/PC | L178: 20M_적색케이블 | M178: 25 | N178: =+M178/20 -> 1.25 | O178: =VLOOKUP(J178,$C$2:$G$9999,5,0) -> 2024/01 | P178: =VLOOKUP(J178,$C$2:$H$9999,6,0) -> 20 | Q178: =VLOOKUP(J178,'구매현황_2301-2603'!$E$2:$I$1312,5,0) -> #N/A | R178: =VLOOKUP(Q178,리드타임!$B$3:$D$10,3,0) -> #N/A | S178: =IFERROR(N178/20*R178,N178/20*90) -> 5.625
A179: 178 | B179: 2024/01 | C179: A14-DB-N429 | D179: DOJC-SM-SC/PC-FC/PC | E179: 908040692, 15M, B3, 2.0mm | F179: 20 | G179: =INDEX($B$2:$B$9999,MATCH(_xlfn.MAXIFS($F$2:$F$9999,$C$2:$C$9999,C179),$F$1:$F$9999,0)) -> 2024/03 | H179: =_xlfn.MAXIFS(F:F,C:C,C179,G:G,G179) -> 132 | J179: 14-D-237 | K179: DOJC-SM-LC/PC-LC/PC | L179: 25M | M179: 350 | N179: =+M179/20 -> 17.5 | O179: =VLOOKUP(J179,$C$2:$G$9999,5,0) -> 2024/01 | P179: =VLOOKUP(J179,$C$2:$H$9999,6,0) -> 200 | Q179: =VLOOKUP(J179,'구매현황_2301-2603'!$E$2:$I$1312,5,0) -> #N/A | R179: =VLOOKUP(Q179,리드타임!$B$3:$D$10,3,0) -> #N/A | S179: =IFERROR(N179/20*R179,N179/20*90) -> 78.75
A180: 179 | B180: 2024/01 | C180: A14-DB-N432 | D180: DOJC-SM-SC/PC-FC/PC | E180: 908040427, 25M, B3, 2.0mm | F180: 10 | G180: =INDEX($B$2:$B$9999,MATCH(_xlfn.MAXIFS($F$2:$F$9999,$C$2:$C$9999,C180),$F$1:$F$9999,0)) -> 2024/01 | H180: =_xlfn.MAXIFS(F:F,C:C,C180,G:G,G180) -> 100 | J180: 14-D-240 | K180: DOJC-SM-LC/PC-LC/PC | L180: 2M | M180: 10 | N180: =+M180/20 -> 0.5 | O180: =VLOOKUP(J180,$C$2:$G$9999,5,0) -> 2024/01 | P180: =VLOOKUP(J180,$C$2:$H$9999,6,0) -> 10 | Q180: =VLOOKUP(J180,'구매현황_2301-2603'!$E$2:$I$1312,5,0) -> #N/A | R180: =VLOOKUP(Q180,리드타임!$B$3:$D$10,3,0) -> #N/A | S180: =IFERROR(N180/20*R180,N180/20*90) -> 2.25
A181: 180 | B181: 2024/01 | C181: A14-DB-N444 | D181: DOJC-SM-SC/PC-SC/APC | E181: 908040537, 10M, B3, 2.0mm | F181: 13 | G181: =INDEX($B$2:$B$9999,MATCH(_xlfn.MAXIFS($F$2:$F$9999,$C$2:$C$9999,C181),$F$1:$F$9999,0)) -> 2024/02 | H181: =_xlfn.MAXIFS(F:F,C:C,C181,G:G,G181) -> 65 | J181: 14-D-241 | K181: DOJC-SM-LC/PC-LC/PC | L181: 30M | M181: 90 | N181: =+M181/20 -> 4.5 | O181: =VLOOKUP(J181,$C$2:$G$9999,5,0) -> 2024/01 | P181: =VLOOKUP(J181,$C$2:$H$9999,6,0) -> 70 | Q181: =VLOOKUP(J181,'구매현황_2301-2603'!$E$2:$I$1312,5,0) -> #N/A | R181: =VLOOKUP(Q181,리드타임!$B$3:$D$10,3,0) -> #N/A | S181: =IFERROR(N181/20*R181,N181/20*90) -> 20.25
A182: 181 | B182: 2024/01 | C182: A14-DB-N447 | D182: DOJC-SM-SC/PC-SC/APC | E182: 908040542, 15M, B3, 2.0mm | F182: 20 | G182: =INDEX($B$2:$B$9999,MATCH(_xlfn.MAXIFS($F$2:$F$9999,$C$2:$C$9999,C182),$F$1:$F$9999,0)) -> 2024/01 | H182: =_xlfn.MAXIFS(F:F,C:C,C182,G:G,G182) -> 50 | J182: 14-D-243 | K182: DOJC-SM-LC/PC-LC/PC | L182: 35M | M182: 50 | N182: =+M182/20 -> 2.5 | O182: =VLOOKUP(J182,$C$2:$G$9999,5,0) -> 2024/01 | P182: =VLOOKUP(J182,$C$2:$H$9999,6,0) -> 50 | Q182: =VLOOKUP(J182,'구매현황_2301-2603'!$E$2:$I$1312,5,0) -> #N/A | R182: =VLOOKUP(Q182,리드타임!$B$3:$D$10,3,0) -> #N/A | S182: =IFERROR(N182/20*R182,N182/20*90) -> 11.25
A183: 182 | B183: 2024/01 | C183: A14-DB-N455 | D183: DOJC-SM-SC/PC-SC/APC | E183: 908040251, 3M, B3, 3.0mm | F183: 212 | G183: =INDEX($B$2:$B$9999,MATCH(_xlfn.MAXIFS($F$2:$F$9999,$C$2:$C$9999,C183),$F$1:$F$9999,0)) -> 2024/05 | H183: =_xlfn.MAXIFS(F:F,C:C,C183,G:G,G183) -> 705 | J183: 14-D-244 | K183: DOJC-SM-LC/PC-LC/PC | L183: 3M | M183: 300 | N183: =+M183/20 -> 15 | O183: =VLOOKUP(J183,$C$2:$G$9999,5,0) -> 2024/01 | P183: =VLOOKUP(J183,$C$2:$H$9999,6,0) -> 100 | Q183: =VLOOKUP(J183,'구매현황_2301-2603'!$E$2:$I$1312,5,0) -> #N/A | R183: =VLOOKUP(Q183,리드타임!$B$3:$D$10,3,0) -> #N/A | S183: =IFERROR(N183/20*R183,N183/20*90) -> 67.5
A184: 183 | B184: 2024/01 | C184: A14-DB-N464 | D184: DOJC-SM-SC/PC-SC/PC | E184: 908040230, 10M, B3, 2.0mm | F184: 40 | G184: =INDEX($B$2:$B$9999,MATCH(_xlfn.MAXIFS($F$2:$F$9999,$C$2:$C$9999,C184),$F$1:$F$9999,0)) -> 2024/04 | H184: =_xlfn.MAXIFS(F:F,C:C,C184,G:G,G184) -> 210 | J184: 14-D-246 | K184: DOJC-SM-LC/PC-LC/PC | L184: 40M | M184: 20 | N184: =+M184/20 -> 1 | O184: =VLOOKUP(J184,$C$2:$G$9999,5,0) -> 2024/01 | P184: =VLOOKUP(J184,$C$2:$H$9999,6,0) -> 10 | Q184: =VLOOKUP(J184,'구매현황_2301-2603'!$E$2:$I$1312,5,0) -> #N/A | R184: =VLOOKUP(Q184,리드타임!$B$3:$D$10,3,0) -> #N/A | S184: =IFERROR(N184/20*R184,N184/20*90) -> 4.5
A185: 184 | B185: 2024/01 | C185: A14-DB-N466 | D185: DOJC-SM-SC/PC-SC/PC | E185: 908040235, 15M, B3, 2.0mm | F185: 110 | G185: =INDEX($B$2:$B$9999,MATCH(_xlfn.MAXIFS($F$2:$F$9999,$C$2:$C$9999,C185),$F$1:$F$9999,0)) -> 2024/01 | H185: =_xlfn.MAXIFS(F:F,C:C,C185,G:G,G185) -> 120 | J185: 14-D-247 | K185: DOJC-SM-LC/PC-LC/PC | L185: 45M | M185: 50 | N185: =+M185/20 -> 2.5 | O185: =VLOOKUP(J185,$C$2:$G$9999,5,0) -> 2024/01 | P185: =VLOOKUP(J185,$C$2:$H$9999,6,0) -> 30 | Q185: =VLOOKUP(J185,'구매현황_2301-2603'!$E$2:$I$1312,5,0) -> #N/A | R185: =VLOOKUP(Q185,리드타임!$B$3:$D$10,3,0) -> #N/A | S185: =IFERROR(N185/20*R185,N185/20*90) -> 11.25
A186: 185 | B186: 2024/01 | C186: A14-DB-N468 | D186: DOJC-SM-SC/PC-SC/PC | E186: 908040240, 20M, B3, 2.0mm | F186: 10 | G186: =INDEX($B$2:$B$9999,MATCH(_xlfn.MAXIFS($F$2:$F$9999,$C$2:$C$9999,C186),$F$1:$F$9999,0)) -> 2024/01 | H186: =_xlfn.MAXIFS(F:F,C:C,C186,G:G,G186) -> 60 | J186: 14-D-249 | K186: DOJC-SM-LC/PC-LC/PC | L186: 50M | M186: 46 | N186: =+M186/20 -> 2.3 | O186: =VLOOKUP(J186,$C$2:$G$9999,5,0) -> 2024/01 | P186: =VLOOKUP(J186,$C$2:$H$9999,6,0) -> 30 | Q186: =VLOOKUP(J186,'구매현황_2301-2603'!$E$2:$I$1312,5,0) -> #N/A | R186: =VLOOKUP(Q186,리드타임!$B$3:$D$10,3,0) -> #N/A | S186: =IFERROR(N186/20*R186,N186/20*90) -> 10.35
A187: 186 | B187: 2024/01 | C187: A14-DB-N471 | D187: DOJC-SM-SC/PC-SC/PC | E187: 908040223, 2M, B3, 3.0mm | F187: 60 | G187: =INDEX($B$2:$B$9999,MATCH(_xlfn.MAXIFS($F$2:$F$9999,$C$2:$C$9999,C187),$F$1:$F$9999,0)) -> 2024/01 | H187: =_xlfn.MAXIFS(F:F,C:C,C187,G:G,G187) -> 130 | J187: 14-D-252 | K187: DOJC-SM-LC/PC-LC/PC | L187: 55M | M187: 50 | N187: =+M187/20 -> 2.5 | O187: =VLOOKUP(J187,$C$2:$G$9999,5,0) -> 2024/01 | P187: =VLOOKUP(J187,$C$2:$H$9999,6,0) -> 20 | Q187: =VLOOKUP(J187,'구매현황_2301-2603'!$E$2:$I$1312,5,0) -> #N/A | R187: =VLOOKUP(Q187,리드타임!$B$3:$D$10,3,0) -> #N/A | S187: =IFERROR(N187/20*R187,N187/20*90) -> 11.25
A188: 187 | B188: 2024/01 | C188: A14-DB-N474 | D188: DOJC-SM-SC/PC-SC/PC | E188: 908040221, 3M, B3, 3.0mm | F188: 100 | G188: =INDEX($B$2:$B$9999,MATCH(_xlfn.MAXIFS($F$2:$F$9999,$C$2:$C$9999,C188),$F$1:$F$9999,0)) -> 2024/08 | H188: =_xlfn.MAXIFS(F:F,C:C,C188,G:G,G188) -> 600 | J188: 14-D-253 | K188: DOJC-SM-LC/PC-LC/PC | L188: 5M | M188: 160 | N188: =+M188/20 -> 8 | O188: =VLOOKUP(J188,$C$2:$G$9999,5,0) -> 2024/01 | P188: =VLOOKUP(J188,$C$2:$H$9999,6,0) -> 70 | Q188: =VLOOKUP(J188,'구매현황_2301-2603'!$E$2:$I$1312,5,0) -> #N/A | R188: =VLOOKUP(Q188,리드타임!$B$3:$D$10,3,0) -> #N/A | S188: =IFERROR(N188/20*R188,N188/20*90) -> 36
... A241: 240 | B241: 2024/01 | C241: A14-SB-N237 | D241: SOJC-SM-SC/PC-SC/APC | E241: 908041434, 15M, B3, 2.0mm | F241: 5 | G241: =INDEX($B$2:$B$9999,MATCH(_xlfn.MAXIFS($F$2:$F$9999,$C$2:$C$9999,C241),$F$1:$F$9999,0)) -> 2024/11 | H241: =_xlfn.MAXIFS(F:F,C:C,C241,G:G,G241) -> 202 | J241: 14-D-A002 | K241: DOJC-SM-LC/PC-LC/PC | L241: 1M_청색 | M241: 140 | N241: =+M241/20 -> 7 | O241: =VLOOKUP(J241,$C$2:$G$9999,5,0) -> 2024/01 | P241: =VLOOKUP(J241,$C$2:$H$9999,6,0) -> 90 | Q241: =VLOOKUP(J241,'구매현황_2301-2603'!$E$2:$I$1312,5,0) -> #N/A | R241: =VLOOKUP(Q241,리드타임!$B$3:$D$10,3,0) -> #N/A | S241: =IFERROR(N241/20*R241,N241/20*90) -> 31.5
A242: 241 | B242: 2024/01 | C242: A14-SB-N239 | D242: SOJC-SM-SC/PC-SC/APC | E242: 908041421, 1M, B3, 3.0mm | F242: 100 | G242: =INDEX($B$2:$B$9999,MATCH(_xlfn.MAXIFS($F$2:$F$9999,$C$2:$C$9999,C242),$F$1:$F$9999,0)) -> 2024/07 | H242: =_xlfn.MAXIFS(F:F,C:C,C242,G:G,G242) -> 450 | L242: 1M, A1, 2.0mm, 청색 | M242: 90 | N242: =+M242/20 -> 4.5 | O242: =VLOOKUP(J242,$C$2:$G$9999,5,0) -> #N/A | P242: =VLOOKUP(J242,$C$2:$H$9999,6,0) -> #N/A | Q242: =VLOOKUP(J242,'구매현황_2301-2603'!$E$2:$I$1312,5,0) -> #N/A | R242: =VLOOKUP(Q242,리드타임!$B$3:$D$10,3,0) -> #N/A | S242: =IFERROR(N242/20*R242,N242/20*90) -> 20.25
A243: 242 | B243: 2024/01 | C243: A14-SB-N245 | D243: SOJC-SM-SC/PC-SC/APC | E243: 908041422, 2M, B3, 3.0mm | F243: 221 | G243: =INDEX($B$2:$B$9999,MATCH(_xlfn.MAXIFS($F$2:$F$9999,$C$2:$C$9999,C243),$F$1:$F$9999,0)) -> 2024/08 | H243: =_xlfn.MAXIFS(F:F,C:C,C243,G:G,G243) -> 490 | J243: 14-D-A09 | K243: DOJC-SM-LC/PC-LC/PC | L243: 5M_청색케이블 | M243: 50 | N243: =+M243/20 -> 2.5 | O243: =VLOOKUP(J243,$C$2:$G$9999,5,0) -> 2024/01 | P243: =VLOOKUP(J243,$C$2:$H$9999,6,0) -> 50 | Q243: =VLOOKUP(J243,'구매현황_2301-2603'!$E$2:$I$1312,5,0) -> #N/A | R243: =VLOOKUP(Q243,리드타임!$B$3:$D$10,3,0) -> #N/A | S243: =IFERROR(N243/20*R243,N243/20*90) -> 11.25
A244: 243 | B244: 2024/01 | C244: A14-SB-N249 | D244: SOJC-SM-SC/PC-SC/APC | E244: 908041420, 3M, B3, 3.0mm | F244: 540 | G244: =INDEX($B$2:$B$9999,MATCH(_xlfn.MAXIFS($F$2:$F$9999,$C$2:$C$9999,C244),$F$1:$F$9999,0)) -> 2026/02 | H244: =_xlfn.MAXIFS(F:F,C:C,C244,G:G,G244) -> 4200 | J244: 14-D-A10 | K244: DOJC-SM-LC/PC-LC/PC | L244: 10M_청색케이블 | M244: 1020 | N244: =+M244/20 -> 51 | O244: =VLOOKUP(J244,$C$2:$G$9999,5,0) -> 2024/03 | P244: =VLOOKUP(J244,$C$2:$H$9999,6,0) -> 550 | Q244: =VLOOKUP(J244,'구매현황_2301-2603'!$E$2:$I$1312,5,0) -> #N/A | R244: =VLOOKUP(Q244,리드타임!$B$3:$D$10,3,0) -> #N/A | S244: =IFERROR(N244/20*R244,N244/20*90) -> 229.5
A245: 244 | B245: 2024/01 | C245: A14-SB-N258 | D245: SOJC-SM-SC/PC-SC/PC | E245: 908041399, 10M, B3, 2.0mm | F245: 530 | G245: =INDEX($B$2:$B$9999,MATCH(_xlfn.MAXIFS($F$2:$F$9999,$C$2:$C$9999,C245),$F$1:$F$9999,0)) -> 2024/10 | H245: =_xlfn.MAXIFS(F:F,C:C,C245,G:G,G245) -> 685 | J245: 14-D-A100 | K245: OJC-A1-SC/LC-SM-20-PC/PC-DP | L245: K9089164_녹색 | M245: 181 | N245: =+M245/20 -> 9.05 | O245: =VLOOKUP(J245,$C$2:$G$9999,5,0) -> 2024/01 | P245: =VLOOKUP(J245,$C$2:$H$9999,6,0) -> 120 | Q245: =VLOOKUP(J245,'구매현황_2301-2603'!$E$2:$I$1312,5,0) -> #N/A | R245: =VLOOKUP(Q245,리드타임!$B$3:$D$10,3,0) -> #N/A | S245: =IFERROR(N245/20*R245,N245/20*90) -> 40.725
A246: 245 | B246: 2024/01 | C246: A14-SB-N260 | D246: SOJC-SM-SC/PC-SC/PC | E246: 908041404, 15M, B3, 2.0mm | F246: 124 | G246: =INDEX($B$2:$B$9999,MATCH(_xlfn.MAXIFS($F$2:$F$9999,$C$2:$C$9999,C246),$F$1:$F$9999,0)) -> 2024/07 | H246: =_xlfn.MAXIFS(F:F,C:C,C246,G:G,G246) -> 355 | J246: 14-D-A102 | K246: OJC-A1-LC/LC-SM-20-PC/PC-DP | L246: K9089178_녹색 | M246: 90 | N246: =+M246/20 -> 4.5 | O246: =VLOOKUP(J246,$C$2:$G$9999,5,0) -> 2024/01 | P246: =VLOOKUP(J246,$C$2:$H$9999,6,0) -> 36 | Q246: =VLOOKUP(J246,'구매현황_2301-2603'!$E$2:$I$1312,5,0) -> #N/A | R246: =VLOOKUP(Q246,리드타임!$B$3:$D$10,3,0) -> #N/A | S246: =IFERROR(N246/20*R246,N246/20*90) -> 20.25
A247: 246 | B247: 2024/01 | C247: A14-SB-N261 | D247: SOJC-SM-SC/PC-SC/PC | E247: 908041391, 1M, B3, 3.0mm | F247: 10760 | G247: =INDEX($B$2:$B$9999,MATCH(_xlfn.MAXIFS($F$2:$F$9999,$C$2:$C$9999,C247),$F$1:$F$9999,0)) -> 2024/01 | H247: =_xlfn.MAXIFS(F:F,C:C,C247,G:G,G247) -> 10760 | J247: 14-D-A104 | K247: OJC-A1-SC/LC-SM-25-PC/PC-DP | L247: K9089165_녹색 | M247: 58 | N247: =+M247/20 -> 2.9 | O247: =VLOOKUP(J247,$C$2:$G$9999,5,0) -> 2024/01 | P247: =VLOOKUP(J247,$C$2:$H$9999,6,0) -> 30 | Q247: =VLOOKUP(J247,'구매현황_2301-2603'!$E$2:$I$1312,5,0) -> #N/A | R247: =VLOOKUP(Q247,리드타임!$B$3:$D$10,3,0) -> #N/A | S247: =IFERROR(N247/20*R247,N247/20*90) -> 13.05
A248: 247 | B248: 2024/01 | C248: A14-SB-N263 | D248: SOJC-SM-SC/PC-SC/PC | E248: 908041409, 20M, B3, 2.0mm | F248: 50 | G248: =INDEX($B$2:$B$9999,MATCH(_xlfn.MAXIFS($F$2:$F$9999,$C$2:$C$9999,C248),$F$1:$F$9999,0)) -> 2024/04 | H248: =_xlfn.MAXIFS(F:F,C:C,C248,G:G,G248) -> 77 | J248: 14-D-A105 | K248: DOJC-SM-LC/PC-LC/PC | L248: 7M_청색 | M248: 250 | N248: =+M248/20 -> 12.5 | O248: =VLOOKUP(J248,$C$2:$G$9999,5,0) -> 2024/01 | P248: =VLOOKUP(J248,$C$2:$H$9999,6,0) -> 200 | Q248: =VLOOKUP(J248,'구매현황_2301-2603'!$E$2:$I$1312,5,0) -> #N/A | R248: =VLOOKUP(Q248,리드타임!$B$3:$D$10,3,0) -> #N/A | S248: =IFERROR(N248/20*R248,N248/20*90) -> 56.25
A249: 248 | B249: 2024/01 | C249: A14-SB-N265 | D249: SOJC-SM-SC/PC-SC/PC | E249: 908041392, 2M, B3, 3.0mm | F249: 50 | G249: =INDEX($B$2:$B$9999,MATCH(_xlfn.MAXIFS($F$2:$F$9999,$C$2:$C$9999,C249),$F$1:$F$9999,0)) -> 2026/02 | H249: =_xlfn.MAXIFS(F:F,C:C,C249,G:G,G249) -> 2570 | J249: 14-D-A106 | K249: DOJC-MM-LC/PC-SC/APC | L249: 15M | M249: 5 | N249: =+M249/20 -> 0.25 | O249: =VLOOKUP(J249,$C$2:$G$9999,5,0) -> 2024/01 | P249: =VLOOKUP(J249,$C$2:$H$9999,6,0) -> 5 | Q249: =VLOOKUP(J249,'구매현황_2301-2603'!$E$2:$I$1312,5,0) -> #N/A | R249: =VLOOKUP(Q249,리드타임!$B$3:$D$10,3,0) -> #N/A | S249: =IFERROR(N249/20*R249,N249/20*90) -> 1.125
A250: 249 | B250: 2024/01 | C250: A14-SB-N268 | D250: SOJC-SM-SC/PC-SC/PC | E250: 908041390, 3M, B3, 3.0mm | F250: 6792 | G250: =INDEX($B$2:$B$9999,MATCH(_xlfn.MAXIFS($F$2:$F$9999,$C$2:$C$9999,C250),$F$1:$F$9999,0)) -> 2024/01 | H250: =_xlfn.MAXIFS(F:F,C:C,C250,G:G,G250) -> 6792 | J250: 14-D-A108 | K250: DOJC-SM-LC/PC-LC/PC | L250: 6M_청색케이블 | M250: 60 | N250: =+M250/20 -> 3 | O250: =VLOOKUP(J250,$C$2:$G$9999,5,0) -> 2024/01 | P250: =VLOOKUP(J250,$C$2:$H$9999,6,0) -> 20 | Q250: =VLOOKUP(J250,'구매현황_2301-2603'!$E$2:$I$1312,5,0) -> #N/A | R250: =VLOOKUP(Q250,리드타임!$B$3:$D$10,3,0) -> #N/A | S250: =IFERROR(N250/20*R250,N250/20*90) -> 13.5
A251: 250 | B251: 2024/01 | C251: A14-SB-N271 | D251: SOJC-SM-SC/PC-SC/PC | E251: 908041393, 4M, B3, 3.0mm | F251: 300 | G251: =INDEX($B$2:$B$9999,MATCH(_xlfn.MAXIFS($F$2:$F$9999,$C$2:$C$9999,C251),$F$1:$F$9999,0)) -> 2024/01 | H251: =_xlfn.MAXIFS(F:F,C:C,C251,G:G,G251) -> 300 | J251: 14-D-A118 | K251: DOJC-MM(OM3)-LC/PC-LC/PC | L251: 60M | M251: 3 | N251: =+M251/20 -> 0.15 | O251: =VLOOKUP(J251,$C$2:$G$9999,5,0) -> 2024/01 | P251: =VLOOKUP(J251,$C$2:$H$9999,6,0) -> 2 | Q251: =VLOOKUP(J251,'구매현황_2301-2603'!$E$2:$I$1312,5,0) -> #N/A | R251: =VLOOKUP(Q251,리드타임!$B$3:$D$10,3,0) -> #N/A | S251: =IFERROR(N251/20*R251,N251/20*90) -> 0.675
A252: 251 | B252: 2024/01 | C252: A14-SB-N272 | D252: SOJC-SM-SC/PC-SC/PC | E252: 908041394, 5M, B3, 3.0mm | F252: 1460 | G252: =INDEX($B$2:$B$9999,MATCH(_xlfn.MAXIFS($F$2:$F$9999,$C$2:$C$9999,C252),$F$1:$F$9999,0)) -> 2026/03 | H252: =_xlfn.MAXIFS(F:F,C:C,C252,G:G,G252) -> 1990 | J252: 14-D-A125 | K252: OJC-A1-SC/LC-SM-5-PC/PC-DP | L252: K9089161_녹색 | M252: 2 | N252: =+M252/20 -> 0.1 | O252: =VLOOKUP(J252,$C$2:$G$9999,5,0) -> 2024/01 | P252: =VLOOKUP(J252,$C$2:$H$9999,6,0) -> 2 | Q252: =VLOOKUP(J252,'구매현황_2301-2603'!$E$2:$I$1312,5,0) -> #N/A | R252: =VLOOKUP(Q252,리드타임!$B$3:$D$10,3,0) -> #N/A | S252: =IFERROR(N252/20*R252,N252/20*90) -> 0.45
A253: 252 | B253: 2024/01 | C253: A14-SB-N273 | D253: SOJC-SM-SC/PC-SC/PC | E253: 908041396, 7M, B3, 2.0mm | F253: 100 | G253: =INDEX($B$2:$B$9999,MATCH(_xlfn.MAXIFS($F$2:$F$9999,$C$2:$C$9999,C253),$F$1:$F$9999,0)) -> 2024/01 | H253: =_xlfn.MAXIFS(F:F,C:C,C253,G:G,G253) -> 200 | J253: 14-D-A126 | K253: OJC-A1-SC/LC-SM-10-PC/PC-DP | L253: K9089162_녹색 | M253: 6 | N253: =+M253/20 -> 0.3 | O253: =VLOOKUP(J253,$C$2:$G$9999,5,0) -> 2024/01 | P253: =VLOOKUP(J253,$C$2:$H$9999,6,0) -> 5 | Q253: =VLOOKUP(J253,'구매현황_2301-2603'!$E$2:$I$1312,5,0) -> #N/A | R253: =VLOOKUP(Q253,리드타임!$B$3:$D$10,3,0) -> #N/A | S253: =IFERROR(N253/20*R253,N253/20*90) -> 1.35
...

Sheet 재고현황
A2: 품목코드 | B2: 품목명 | C2: 규격명 | D2: 재고수량 | E2: 021_의왕-물류 | F2: 의왕-검수대기 | H2: 46171
A3: 14-A-002 | B3: 어댑터 SC/PC-SP (ADAPTER SC/PC-SP) | C3: K9076856 | D3: 256 | E3: 256 | F3: 0
A4: 14-A-002N | B4: ADAPTER(OFA-SC/PC) | C4: NO LOGO | D4: 823 | E4: 823 | F4: 0
A5: 14-A-003 | B5: ADAPTER(OFA-SC/PC)-RED | C5: K9119065 | D5: 18 | E5: 18 | F5: 0
A6: 14-A-004 | B6: ADAPTER(OFA-SC/PC)-DUPLEX | D6: 7 | E6: 7 | F6: 0
A7: 14-A-005 | B7: ADAPTER(OFA-LC/PC)-DUPLEX | D7: 3750 | E7: 3750 | F7: 0
A8: 14-A-005C | B8: ADAPTER(OFA-LC)-DUPLEX,CLEAR | C8: COLOR : CLEAR (PC,APC 공용) | D8: 1 | E8: 1 | F8: 0
A9: 14-A-006 | B9: ADAPTER(OFA-FC/PC) | D9: 6540 | E9: 6540 | F9: 0
A10: 14-A-006B | B10: ADAPTER(OFA-FC/PC) | C10: BIG D, BRONZE SLEEVE | D10: 1034 | E10: 1034 | F10: 0
A11: 14-A-007 | B11: ADAPTER(OFA-SC/APC) | D11: 176 | E11: 176 | F11: 0
A12: 14-A-008 | B12: ADAPTER(OFA-FC/APC) | D12: 3824 | E12: 3824 | F12: 0
A13: 14-A-009 | B13: ADAPTER(OFA-FC/SC) | D13: 394 | E13: 394 | F13: 0
A14: 14-A-012 | B14: ADAPTER(OFA-LC/APC)-DUPLEX | D14: 2062 | E14: 2062 | F14: 0
A15: 14-C-056 | B15: DROP-CABLE(SC/PC) | C15: 40M | D15: 82 | E15: 82 | F15: 0
A16: 14-C-107 | B16: DROP-CABLE(LC/PC-SC/PC) | C16: 10M | D16: 19 | E16: 19 | F16: 0
A17: 14-C-134 | B17: DROP-CABLE(LC/PC) | C17: 15M | D17: 10 | E17: 10 | F17: 0
A18: 14-C-408 | B18: Optical Cable Parts,LC/PC-LC/PC-Single mode-50m-2Core | C18: 657A2 , LSZH , LC DUPLEX KIT(CLIP), 150MM/ 500MM | D18: 30 | E18: 30 | F18: 0
A19: 14-C-417 | B19: Optical Cable Parts,LC/PC-LC/PC-Single mode-2m-2Core | C19: 657A2 , LSZH , LC DUPLEX KIT(CLIP), 95MM/ 500MM | D19: 110 | E19: 110 | F19: 0
A20: 14-C-441 | B20: Optical Cable Parts,LC/PC-LC/PC-Single mode-15m-2Core | C20: 657A2 , LSZH , LC DUPLEX KIT(CLIP), 95MM/ 500MM | D20: 45 | E20: 45 | F20: 0
A21: 14-C-442 | B21: Optical Cable Parts,LC/PC-LC/PC-Single mode-20m-2Core | C21: 657A2 , LSZH , LC DUPLEX KIT(CLIP), 95MM/ 500MM | D21: 1192 | E21: 1192 | F21: 0
A22: 14-C-443 | B22: Optical Cable Parts,LC/PC-LC/PC-Single mode-25m-2Core | C22: 657A2 , LSZH , LC DUPLEX KIT(CLIP), 95MM/ 500MM | D22: 216 | E22: 216 | F22: 0
A23: 14-C-458 | B23: Optical Cable Parts,LC/PC-LC/PC-Single mode-70m-2Core | C23: 657A2 , LSZH , LC DUPLEX KIT(CLIP),95MM/ 500MM | D23: 39 | E23: 39 | F23: 0
A24: 14-C-467 | B24: DROP-CABLE(LC/PC-SC/PC) | C24: 3M | D24: 10 | E24: 10 | F24: 0
A25: 14-C-495 | B25: Optical Cable Parts,LC/PC-LC/PC-Single mode-80m-2Core | C25: 657A2 , LSZH , LC DUPLEX KIT(CLIP),95MM/ 500MM | D25: 33 | E25: 33 | F25: 0
A26: 14-C-514 | B26: Optical Cable Parts,LC/PC-LC/PC-Single mode-10m-1Core | C26: 657A2 , LSZH , LC DUPLEX KIT(CLIP), 300MM/300MM | D26: 50 | E26: 50 | F26: 0
... A37: 14-C-720 | B37: Optical Cable Parts,LC/PC-LC/PC-Single mode-5m-2Core | C37: 657A2,LSZH,LC DUPLEX KIT(CLIP),200MM/500MM/boots:blue&red,blue&red/cable-Black(5mm),blue,red(2mm) | D37: 50 | E37: 50 | F37: 0
A38: 14-D-008A | B38: DX-MM-OM3-LC/PC-LC/PC-10M | D38: 34 | E38: 34 | F38: 0
A39: 14-D-025A | B39: DX-MM-OM3-LC/PC-LC/PC-5M | D39: 18 | E39: 18 | F39: 0
A40: 14-D-029 | B40: DOJC-MM(OM3)-LC/PC-SC/PC | C40: 10M | D40: 10 | E40: 10 | F40: 0
A41: 14-D-029A | B41: DX-MM-OM3-LC/PC-SC/PC-10M | D41: 100 | E41: 100 | F41: 0
A42: 14-D-035A | B42: DX-MM-OM1-LC/PC-LC/PC-10M | D42: 52 | E42: 52 | F42: 0
A43: 14-D-057A | B43: DX-MM-OM1-LC/PC-LC/PC-5M | D43: 84 | E43: 84 | F43: 0
A44: 14-D-066A | B44: DX-MM-OM1-LC/PC-SC/PC-10M | D44: 80 | E44: 80 | F44: 0
A45: 14-D-068 | B45: DOJC-MM-LC/PC-SC/PC | C45: 13M | D45: 13 | E45: 13 | F45: 0
A46: 14-D-073 | B46: DOJC-MM-LC/PC-SC/PC | C46: 22M | D46: 23 | E46: 23 | F46: 0
A47: 14-D-083A | B47: DX-MM-OM1-LC/PC-SC/PC-5M | D47: 17 | E47: 17 | F47: 0
A48: 14-D-092A | B48: DX-MM-OM1-SC/PC-SC/PC-10M | D48: 94 | E48: 94 | F48: 0
A49: 14-D-101A | B49: DX-MM-OM1-SC/PC-SC/PC-5M | D49: 68 | E49: 68 | F49: 0
A50: 14-D-199 | B50: DOJC-SM-LC/PC-FC/PC | C50: 20M, A1, 2.0mm | D50: 2 | E50: 2 | F50: 0
A51: 14-D-202 | B51: DOJC-SM-LC/PC-FC/PC | C51: 25M, A1, 2.0mm | D51: 22 | E51: 22 | F51: 0
A52: 14-D-207 | B52: DOJC-SM-LC/PC-FC/PC | C52: 3M, A1, 2.0mm | D52: 92 | E52: 92 | F52: 0
A53: 14-D-270 | B53: DOJC-SM-LC/PC-SC/APC | C53: 25M, A1, 2.0mm | D53: 58 | E53: 58 | F53: 0
A54: 14-D-295 | B54: DOJC-SM-LC/PC-SC/PC | C54: 20M, A1, 2.0mm | D54: 50 | E54: 50 | F54: 0
A55: 14-D-320 | B55: DOJC-SM-LC/PC-SC/PC | C55: 8M, A1, 2.0mm | D55: 174 | E55: 174 | F55: 0
A56: 14-D-349 | B56: DOJC-SM-MTRJ-MTRJ | C56: 60M | D56: 65 | E56: 65 | F56: 0
A57: 14-D-381 | B57: DOJC-SM-SC/APC-SC/APC | C57: 15M, A1, 2.0mm | D57: 12 | E57: 12 | F57: 0
A58: 14-D-385 | B58: DOJC-SM-SC/APC-SC/APC | C58: 2M, A1, 2.0mm | D58: 446 | E58: 446 | F58: 0
A59: 14-D-427 | B59: DOJC-SM-SC/PC-FC/PC | C59: 12M, A1, 2.0mm | D59: 30 | E59: 30 | F59: 0
A60: 14-D-428 | B60: DOJC-SM-SC/PC-FC/PC | C60: 13M, A1, 2.0mm | D60: 4 | E60: 4 | F60: 0
A61: 14-D-429 | B61: DOJC-SM-SC/PC-FC/PC | C61: 15M, A1, 2.0mm | D61: 4 | E61: 4 | F61: 0
... A66: 14-D-594 | B66: DOJC-MM(OM3)-LC/PC-SC/PC | C66: 15M | D66: 10 | E66: 10 | F66: 0
A67: 14-D-596A | B67: DX-MM-OM3-LC/PC-SC/PC-5M | D67: 58 | E67: 58 | F67: 0
A68: 14-D-598A | B68: DX-MM-OM3-SC/PC-SC/PC-10M | D68: 100 | E68: 100 | F68: 0
A69: 14-D-638 | B69: DOJC-MM(OM3)-LC/PC-SC/PC | C69: 60M | D69: 1 | E69: 1 | F69: 0
A70: 14-D-684 | B70: DOJC-SM-FC/APC-FC/APC | C70: 45M, A1, 2.0mm | D70: 5 | E70: 5 | F70: 0
A71: 14-D-A127 | B71: OJC-A1-SC/LC-SM-15-PC/PC-DP | C71: K9089163_녹색 | D71: 100 | E71: 100 | F71: 0
A72: 14-D-A235 | B72: OJC-A1-LC/LC-SM-1-PC/APC-DP | D72: 21 | E72: 21 | F72: 0
A73: 14-D-A27 | B73: DOJC-SM-LC/APC-SC/APC | C73: 1M, A1, 2.0mm | D73: 23 | E73: 23 | F73: 0
A74: 14-D-A60A | B74: DX-MM-OM3-SC/PC-SC/PC-5M | D74: 80 | E74: 80 | F74: 0
A75: 14-D-A63A | B75: DX-MM-OM4-LC/PC-SC/PC-10M | D75: 99 | E75: 99 | F75: 0
A76: 14-D-A66A | B76: DX-MM-OM4-SC/PC-SC/PC-5M | D76: 96 | E76: 96 | F76: 0
A77: 14-D-A67A | B77: DX-MM-OM4-SC/PC-SC/PC-10M | D77: 100 | E77: 100 | F77: 0
A78: 14-D-A91A | B78: DX-MM-OM4-LC/PC-LC/PC-5M | D78: 96 | E78: 96 | F78: 0
A79: 14-D-A93A | B79: DX-MM-OM4-LC/PC-LC/PC-10M | D79: 92 | E79: 92 | F79: 0
A80: 14-D-A94A | B80: DX-MM-OM4-LC/PC-SC/PC-5M | D80: 18 | E80: 18 | F80: 0
A81: 14-K-025 | B81: OJC-A1-LC/LC-MM(OM3)-25-PC/PC-DP | D81: 203 | E81: 203 | F81: 0
A82: 14-K-026 | B82: OJC-A1-LC/LC-MM(OM3)-30-PC/PC-DP | D82: 32 | E82: 32 | F82: 0
A83: 14-K-039 | B83: OJC-A1-LC/LC-MM-15-PC/PC-DP | C83: K9089335 | D83: 14 | E83: 14 | F83: 0
A84: 14-K-044 | B84: OJC-A1-LC/LC-MM-20-PC/PC-DP | C84: K9089336 | D84: 340 | E84: 340 | F84: 0
A85: 14-K-052 | B85: OJC-A1-LC/LC-MM-2-PC/PC-DP | C85: K9089330 | D85: 86 | E85: 86 | F85: 0
A86: 14-K-065 | B86: OJC-A1-LC/LC-MM-5-PC/PC-DP | C86: K9089333 | D86: 69 | E86: 69 | F86: 0
A87: 14-K-078 | B87: OJC-A1-LC/LC-SM-10-PC/PC-DP | C87: K9089176 | D87: 589 | E87: 589 | F87: 0
A88: 14-K-079 | B88: OJC-A1-LC/LC-SM-10-PC/PC-SP | C88: K9089047 | D88: 241 | E88: 241 | F88: 0
A89: 14-K-083 | B89: OJC-A1-LC/LC-SM-15-PC/PC-DP | C89: K9089177 | D89: 1631 | E89: 1631 | F89: 0
A90: 14-K-084 | B90: OJC-A1-LC/LC-SM-15-PC/PC-SP | C90: K9089048 | D90: 190 | E90: 190 | F90: 0
A91: 14-K-085 | B91: OJC-A1-LC/LC-SM-1-PC/PC-DP | C91: K9089171 | D91: 4 | E91: 4 | F91: 0
A92: 14-K-086 | B92: OJC-A1-LC/LC-SM-1-PC/PC-SP | C92: K9089042 | D92: 320 | E92: 320 | F92: 0
A93: 14-K-087 | B93: OJC-A1-LC/LC-SM-20-PC/PC-DP | C93: K9089178 | D93: 740 | E93: 740 | F93: 0
A94: 14-K-091 | B94: OJC-A1-LC/LC-SM-25-PC/PC-DP | C94: K9089179 | D94: 205 | E94: 205 | F94: 0
... A103: 14-K-107 | B103: OJC-A1-LC/LC-SM-5-PC/PC-DP | C103: K9089175 | D103: 458 | E103: 458 | F103: 0
A104: 14-K-144 | B104: OJC-A1-SC/LC-MM(OM3)-15-PC/PC-DP | D104: 2 | E104: 2 | F104: 0
A105: 14-K-151 | B105: OJC-A1-SC/LC-MM-1-PC/PC-DP | C105: K9089317 | D105: 100 | E105: 100 | F105: 0
A106: 14-K-156 | B106: OJC-A1-SC/LC-MM-25-PC/PC-DP | C106: K9089325 | D106: 264 | E106: 264 | F106: 0
A107: 14-K-158 | B107: OJC-A1-SC/LC-MM-30-PC/PC-DP | C107: K9089326 | D107: 113 | E107: 113 | F107: 0
A108: 14-K-166 | B108: OJC-A1-SC/LC-MM-5-PC/PC-DP | C108: K9089321 | D108: 29 | E108: 29 | F108: 0
A109: 14-K-173 | B109: OJC-A1-SC/LC-SM-10-APC/PC-SP | D109: 10 | E109: 10 | F109: 0
A110: 14-K-175 | B110: OJC-A1-SC/LC-SM-10-PC/APC-SP | C110: K9089067 | D110: 166 | E110: 166 | F110: 0
A111: 14-K-176 | B111: OJC-A1-SC/LC-SM-10-PC/PC-DP | C111: K9089162 | D111: 2310 | E111: 2310 | F111: 0
A112: 14-K-177 | B112: OJC-A1-SC/LC-SM-10-PC/PC-SP | C112: K9089033 | D112: 470 | E112: 470 | F112: 0
A113: 14-K-182 | B113: OJC-A1-SC/LC-SM-13-PC/PC-SP | D113: 1970 | E113: 1970 | F113: 0
A114: 14-K-187 | B114: OJC-A1-SC/LC-SM-15-PC/APC-SP | C114: K9089068 | D114: 40 | E114: 40 | F114: 0
A115: 14-K-188 | B115: OJC-A1-SC/LC-SM-15-PC/PC-DP | C115: K9089163 | D115: 1448 | E115: 1448 | F115: 0
A116: 14-K-189 | B116: OJC-A1-SC/LC-SM-15-PC/PC-SP | C116: K9089034 | D116: 225 | E116: 225 | F116: 0
A117: 14-K-198 | B117: OJC-A1-SC/LC-SM-1-PC/PC-DP | C117: K9089157 | D117: 839 | E117: 839 | F117: 0
A118: 14-K-199 | B118: OJC-A1-SC/LC-SM-1-PC/PC-SP | C118: K9089028 | D118: 326 | E118: 326 | F118: 0
A119: 14-K-204 | B119: OJC-A1-SC/LC-SM-20-PC/PC-DP | C119: K9089164 | D119: 2281 | E119: 2281 | F119: 0
A120: 14-K-205 | B120: OJC-A1-SC/LC-SM-20-PC/PC-SP | C120: K9089035 | D120: 190 | E120: 190 | F120: 0
A121: 14-K-209 | B121: OJC-A1-SC/LC-SM-25-PC/PC-DP | C121: K9089165 | D121: 853 | E121: 853 | F121: 0
A122: 14-K-210 | B122: OJC-A1-SC/LC-SM-25-PC/PC-SP | C122: K9089036 | D122: 235 | E122: 235 | F122: 0
A123: 14-K-213 | B123: OJC-A1-SC/LC-SM-2-APC/PC-DP | D123: 9 | E123: 9 | F123: 0
...

Sheet 입고예정_260527
A1: 수입 입고 현황
A2: 사용부서 | B2: 발주# | C2: 품번 | D2: 품목명 | E2: 규격 | F2: 발주수량 | G2: 실발주일 | H2: ETD | I2: ETA | J2: 입고예정일 | K2: 입고지 | L2: 비고
A3: 영업 | B3: 26-01 | C3: 32-A-043LPL | D3: 심선접속자 01-46-직-젤-A [파워링크, PL각인] | F3: 500000 | G3: 46127 | H3: 46166 | I3: 46167 | J3: 46170 | K3: 학운
A4: 영업 | B4: 26-02 | C4: 32-A-043L | D4: 심선접속자 01-46-직-젤-A [K9039725] | F4: 500000 | G4: 46135 | J4: 46185 | K4: 학운 | L4: 사진 확인, 잔금 송금 후 운송진행
A5: 영업 | B5: 26-02 | C5: 32-A-042L | D5: 심선접속자 01-46-직-비-A | E5: K9039724 | F5: 100000 | G5: 46135 | J5: 46185 | K5: 학운 | L5: 사진 확인, 잔금 송금 후 운송진행
A6: SCM | B6: 26-03 | C6: A14-SB-N052 | D6: SOJC-SM-LC/PC-FC/APC [930001510, 15M, B3, 2.0mm] | F6: 200 | G6: 46091 | J6: 46190 | K6: 의왕 | L6: 40FT 컨테이너로 입고 예정
A7: SCM | B7: 26-03 | C7: A14-SB-N048 | D7: SOJC-SM-LC/PC-FC/APC [930001505, 10M, B3, 2.0mm] | F7: 100 | G7: 46091 | J7: 46190 | K7: 의왕
A8: SCM | B8: 26-03 | C8: A14-SB-N089 | D8: SOJC-SM-LC/PC-LC/PC [908040274, 15M, B3, 2.0mm] | F8: 700 | G8: 46091 | J8: 46190 | K8: 의왕
A9: SCM | B9: 26-03 | C9: A14-SB-N094 | D9: SOJC-SM-LC/PC-LC/PC [908040279, 20M, B3, 2.0mm] | F9: 250 | G9: 46091 | J9: 46190 | K9: 의왕
A10: SCM | B10: 26-03 | C10: A14-SB-N086 | D10: SOJC-SM-LC/PC-LC/PC [908040269, 10M, B3, 2.0mm] | F10: 700 | G10: 46091 | J10: 46190 | K10: 의왕
A11: SCM | B11: 26-03 | C11: A14-SB-N099 | D11: SOJC-SM-LC/PC-LC/PC [908040260, 3M, B3, 3.0mm] | F11: 200 | G11: 46091 | J11: 46190 | K11: 의왕
A12: SCM | B12: 26-03 | C12: A14-SB-N097 | D12: SOJC-SM-LC/PC-LC/PC [908040262, 2M, B3, 3.0mm] | F12: 30 | G12: 46091 | J12: 46190 | K12: 의왕
A13: SCM | B13: 26-03 | C13: A14-SB-N098 | D13: SOJC-SM-LC/PC-LC/PC [908040289, 30M, B3, 2.0mm] | F13: 50 | G13: 46091 | J13: 46190 | K13: 의왕
A14: SCM | B14: 26-03 | C14: A14-SB-N093 | D14: SOJC-SM-LC/PC-LC/PC [908040261, 1M, B3, 3.0mm] | F14: 250 | G14: 46091 | J14: 46190 | K14: 의왕
A15: SCM | B15: 26-03 | C15: A14-SB-N111 | D15: SOJC-SM-LC/PC-SC/APC [920000744, 10M, B3, 2.0mm] | F15: 50 | G15: 46091 | J15: 46190 | K15: 의왕
A16: SCM | B16: 26-03 | C16: A14-SB-N121 | D16: SOJC-SM-LC/PC-SC/APC [920000737, 3M, B3, 3.0mm] | F16: 50 | G16: 46091 | J16: 46190 | K16: 의왕
A17: SCM | B17: 26-03 | C17: A14-SB-N143 | D17: SOJC-SM-LC/PC-SC/PC [908040163, 2M, B3, 3.0mm] | F17: 30 | G17: 46091 | J17: 46190 | K17: 의왕
A18: SCM | B18: 26-03 | C18: A14-SB-N146 | D18: SOJC-SM-LC/PC-SC/PC [908040161, 3M, B3, 3.0mm] | F18: 120 | G18: 46091 | J18: 46190 | K18: 의왕
... A129: SCM | B129: 26-03 | C129: 14-K-091 | D129: OJC-A1-LC/LC-SM-25-PC/PC-DP [K9089179] | F129: 200 | G129: 46091 | J129: 46190 | K129: 의왕
A130: SCM | B130: 26-03 | C130: 14-S-A376 | D130: SOJC-SM-LC/PC-LC/PC | E130: [15M, A1, 2.0mm, Blue cable] | F130: 30 | G130: 46091 | J130: 46190 | K130: 의왕
A131: SCM | B131: 26-03 | C131: 14-S-A377 | D131: SOJC-SM-LC/PC-LC/PC | E131: 20M, A1, 2.0mm, Blue Cable | F131: 35 | G131: 46091 | J131: 46190 | K131: 의왕
A132: SCM | B132: 26-03 | C132: A14-SB-N818 | D132: SOJC-SM-LC/PC-FC/PC | E132: 20M, A1, 2.0mm, Blue Cable | F132: 30 | G132: 46091 | J132: 46190 | K132: 의왕
A133: SCM | B133: 26-03 | C133: 14-S-894 | D133: SOJC-SM-SC/PC-LC/PC | E133: 5M, A1, 2.0mm, Blue Cable | F133: 30 | G133: 46091 | J133: 46190 | K133: 의왕
A134: SCM | B134: 26-03 | C134: 14-D-A105 | D134: DOJC-SM-LC/PC-LC/PC [7M, A1, 2.0mm, Blue cable] | F134: 400 | G134: 46091 | J134: 46190 | K134: 의왕
A135: SCM | B135: 26-03 | C135: 14-P-010 | D135: PIGTAIL-SC/APC-SM-12C (0.9mm) [1.5M_12색] | F135: 700 | G135: 46091 | J135: 46190 | K135: 의왕
A136: SCM | B136: 26-03 | C136: 14-P-002 | D136: PIGTAIL-FC/PC-SM-12C (0.9mm) [1.5M_12색] | F136: 300 | G136: 46091 | J136: 46190 | K136: 의왕
A137: SCM | B137: 26-04 | C137: 14-P-030 | D137: PIGTAIL-SC/PC-SM-12C (0.9mm) | E137: 1.5M_(노란색) | F137: 900 | G137: 46141 | J137: 46190 | K137: 의왕
A138: SCM | B138: 26-04 | C138: 14-S-301 | D138: SOJC-SM-LC/APC-FC/APC | E138: 5M, A1, 2.0mm | F138: 20 | G138: 46141 | J138: 46190 | K138: 의왕
A139: SCM | B139: 26-04 | C139: 14-P-030 | D139: PIGTAIL-SC/PC-SM-12C (0.9mm) [1.5M_(노란색)] | F139: 900 | G139: 46141 | J139: 46190 | K139: 의왕
A140: SCM | B140: 26-04 | C140: 14-S-301 | D140: SOJC-SM-LC/APC-FC/APC | E140: 5M, A1, 2.0mm | F140: 20 | G140: 46141 | J140: 46190 | K140: 의왕
A141: 영업 | B141: 26-08 | C141: 14-O-005 | D141: 광감쇠기(SC/PC-5dB) [K9039028] | F141: 1600 | G141: 46176 | J141: 46190 | K141: 본사
A142: 영업 | B142: 26-08 | C142: 14-O-010 | D142: 광감쇠기(SC/PC-10dB) [K9039029] | F142: 1600 | G142: 46176 | J142: 46190 | K142: 본사
A143: 영업 | B143: 26-08 | C143: 14-O-017 | D143: 광감쇠기(LC/PC-5dB) [K9076857] | F143: 100 | G143: 46176 | J143: 46190 | K143: 본사
A144: 영업 | B144: 26-08 | C144: 14-O-019 | D144: 광감쇠기(LC/PC-7dB) | F144: 240 | G144: 46176 | J144: 46190 | K144: 본사
A145: 영업 | B145: 26-08 | C145: 14-O-022 | D145: 광감쇠기(LC/PC-10dB) [K9076858] | F145: 500 | G145: 46176 | J145: 46190 | K145: 본사
A146: 영업 | B146: 26-08 | C146: 14-O-023 | D146: 광감쇠기(LC/PC-15dB) [K9076859] | F146: 100 | G146: 46176 | J146: 46190 | K146: 본사
A147: SCM | B147: 26-08 | C147: P15-FJ-4041 | D147: FAOC BOOT (50, SOC) | E147: BLACK,FIBERCAN,FAOC (50) / SOC(56) 공용 | F147: 100000 | G147: 46176 | J147: 46190 | K147: 본사
A148: SCM | B148: 26-03 | C148: 45-A-123 | D148: OPTICAL CABLE 2.0mm G657 B3 DP-SM (YELLOW,황) SAMPLE | F148: 5000 | G148: 46141 | J148: 46192 | K148: 의왕
A149: 영업 | B149: 26-01 | C149: 37-P-102 | D149: SINGLE SPLICE PROTECTION SLEEVE (단심 열수축슬리브) [HFT-01, 1mm, VER.2018] | F149: 1000000 | G149: 46140 | J149: 46197 | K149: 의왕
A150: 영업 | B150: 26-03 | C150: A20-2D00301 | D150: AJW-RN스플리터-RNC-12 [K9091994, 100/50, BLUE, 60*12*4] | F150: 390 | G150: 46135 | J150: 46204 | K150: 학운
A151: 영업 | B151: 26-03 | C151: A20-3300301 | D151: AJW-RN스플리터-RNIC-4 [K9091986, 100/50, BLUE, 55*7*4] | F151: 390 | G151: 46135 | J151: 46204 | K151: 학운
A152: 영업 | B152: 26-03 | C152: A20-3500301 | D152: AJW-RN스플리터-RNIC-16 [K9122934, 100/50, BLUE, 60*12*4] | F152: 420 | G152: 46135 | J152: 46204 | K152: 학운
A153: 영업 | B153: 26-03 | C153: A20-NM-2001 | D153: AJW-RN스플리터-RNM-12 [K9181037, 12PORT] | F153: 1120 | G153: 46135 | J153: 46204 | K153: 학운
A154: 영업 | B154: 26-03 | C154: A20-NM-3001 | D154: AJW-RN스플리터-RNM-16 [K9181038, 16PORT] | F154: 1360 | G154: 46135 | J154: 46204 | K154: 학운
A155: 영업 | B155: 26-01 | C155: A11-E2-0100 | D155: 광접속함체,36C,가공 [530065, DOFC-C3, LG돔함체] | F155: 720 | G155: 46142 | J155: 7월 말 | K155: 학운
A156: 영업 | B156: 26-01 | C156: A11-E3-0100 | D156: 광접속함체,72C,가공 [530069, DOFC-C3, LG돔함체] | F156: 2088 | G156: 46142 | J156: 7월 말 | K156: 학운
A157: 영업 | B157: 26-01 | C157: A11-F5-0100 | D157: 광접속함체,144C,가공 [530079, DOFC-D1, LG돔함체] | F157: 1024 | G157: 46142 | J157: 7월 말 | K157: 학운
A158: 영업 | B158: 26-01 | C158: A11-F5-0200 | D158: 광접속함체,144C,관로 [530080, DOFC-D1, LG돔함체] | F158: 1408 | G158: 46142 | J158: 7월 말 | K158: 학운
A159: 영업 | B159: 26-01 | C159: A11-N3-0100 | D159: 광접속함체,288C,가공 [530081, DOFC-D2, LG돔함체] | F159: 840 | G159: 46142 | J159: 7월 말 | K159: 학운
A160: 영업 | B160: 26-01 | C160: A11-N3-0200 | D160: 광접속함체,288C,관로 [530082, DOFC-D2, LG돔함체] | F160: 252 | G160: 46142 | J160: 7월 말 | K160: 학운
A161: 영업 | B161: 26-01 | C161: A11-L3-0100 | D161: 광접속함체,72C,가공(다분기) [801345, DOFC-C4, LG돔함체] | F161: 288 | G161: 46142 | J161: 7월 말 | K161: 학운

Sheet 판매현황 (OJC)
A1: 월별 | B1: 품목코드 | C1: 품목명 | D1: 규격 | E1: 수량 | F1: 공급가액 | G1: 부가세 | H1: 합계
A2: 2024/01 | B2: 14-C-005 | C2: DROP-CABLE(LC/PC) | D2: 3M | E2: 50 | F2: 230000 | G2: 23000 | H2: 253000
A3: 2024/01 | B3: 14-C-006 | C3: DROP-CABLE(LC/PC) | D3: 5M | E3: 30 | F3: 132600 | G3: 13260 | H3: 145860
A4: 2024/01 | B4: 14-C-026 | C4: DROP-CABLE(SC/APC) | D4: 5M | E4: 10 | F4: 38000 | G4: 3800 | H4: 41800
A5: 2024/01 | B5: 14-C-048 | C5: DROP-CABLE(SC/PC) | D5: 1M | E5: 30 | F5: 94800 | G5: 9480 | H5: 104280
A6: 2024/01 | B6: 14-C-055 | C6: DROP-CABLE(SC/PC) | D6: 3M | E6: 10 | F6: 34800 | G6: 3480 | H6: 38280
A7: 2024/01 | B7: 14-C-087 | C7: DROP-CABLE(SC/APC) | D7: 3M | E7: 40 | F7: 135200 | G7: 13520 | H7: 148720
A8: 2024/01 | B8: 14-C-089 | C8: DROP-CABLE(SC/APC) | D8: 7M | E8: 10 | F8: 42300 | G8: 4230 | H8: 46530
A9: 2024/01 | B9: 14-C-091 | C9: DROP-CABLE(SC/APC) | D9: 12M | E9: 10 | F9: 52800 | G9: 5280 | H9: 58080
A10: 2024/01 | B10: 14-C-497 | C10: DROP-CABLE(LC/PC)-2C | D10: 4M | E10: 100 | F10: 800000 | G10: 80000 | H10: 880000
A11: 2024/01 | B11: 14-C-626 | C11: DROP-CABLE(LC/PC-SC/PC) | D11: 70M | E11: -1 | F11: -22700 | G11: -2270 | H11: -24970
A12: 2024/01 | B12: 14-C-628 | C12: DROP-CABLE(LC/PC-SC/PC)-2C | D12: 70M | E12: 1 | F12: 33900 | G12: 3390 | H12: 37290
A13: 2024/01 | B13: 14-D-019 | C13: DOJC-MM(OM3)-LC/PC-LC/PC | D13: 30M | E13: 4 | F13: 72800 | G13: 7280 | H13: 80080
... A15: 2024/01 | B15: 14-D-029 | C15: DOJC-MM(OM3)-LC/PC-SC/PC | D15: 10M | E15: 2 | F15: 18000 | G15: 1800 | H15: 19800
A16: 2024/01 | B16: 14-D-083A | C16: DX-MM-OM1-LC/PC-SC/PC-5M | E16: 3 | F16: 12000 | G16: 1200 | H16: 13200
A17: 2024/01 | B17: 14-D-228 | C17: DOJC-SM-LC/PC-LC/PC | D17: 15M | E17: 30 | F17: 142890 | G17: 14289 | H17: 157179
A18: 2024/01 | B18: 14-D-234 | C18: DOJC-SM-LC/PC-LC/PC | D18: 20M | E18: 100 | F18: 569500 | G18: 56950 | H18: 626450
A19: 2024/01 | B19: 14-D-237 | C19: DOJC-SM-LC/PC-LC/PC | D19: 25M | E19: 50 | F19: 331450 | G19: 33145 | H19: 364595
A20: 2024/01 | B20: 14-D-241 | C20: DOJC-SM-LC/PC-LC/PC | D20: 30M | E20: 70 | F20: 529340 | G20: 52934 | H20: 582274
A21: 2024/01 | B21: 14-D-243 | C21: DOJC-SM-LC/PC-LC/PC | D21: 35M | E21: 50 | F21: 514850 | G21: 51485 | H21: 566335
A22: 2024/01 | B22: 14-D-244 | C22: DOJC-SM-LC/PC-LC/PC | D22: 3M | E22: 70 | F22: 182450 | G22: 18245 | H22: 200695
A23: 2024/01 | B23: 14-D-256 | C23: DOJC-SM-LC/PC-LC/PC | D23: 6M | E23: 100 | F23: 382500 | G23: 38250 | H23: 420750
A24: 2024/01 | B24: 14-D-436 | C24: DOJC-SM-SC/PC-FC/PC | D24: 3M | E24: 2 | F24: 7000 | G24: 700 | H24: 7700
A25: 2024/01 | B25: 14-D-601 | C25: DOJC-SM-LC/PC-SC/PC | D25: 0.3M | E25: 5 | F25: 21000 | G25: 2100 | H25: 23100
A26: 2024/01 | B26: 14-D-733 | C26: DOJC-SM-LC/PC-LC/PC | D26: 20M_청색케이블 | E26: 30 | F26: 170850 | G26: 17085 | H26: 187935
A27: 2024/01 | B27: 14-D-734 | C27: DOJC-SM-LC/PC-LC/PC | D27: 25M_청색케이블 | E27: 30 | F27: 198870 | G27: 19887 | H27: 218757
A28: 2024/01 | B28: 14-D-735 | C28: DOJC-SM-LC/PC-LC/PC | D28: 35M_청색케이블 | E28: 10 | F28: 102970 | G28: 10297 | H28: 113267
... A76: 2024/01 | B76: 14-K-362 | C76: OJC-A1-SC/SC-SM-3-PC/PC-SP | D76: K9088996 | E76: 3107 | F76: 4683800 | G76: 468380 | H76: 5152180
A77: 2024/01 | B77: 14-K-375 | C77: OJC-A1-SC/SC-SM-5-APC/APC-SP | E77: 55 | F77: 82665 | G77: 8267 | H77: 90932
A78: 2024/01 | B78: 14-K-378 | C78: OJC-A1-SC/SC-SM-5-PC/PC-DP | D78: K9089127 | E78: 90 | F78: 325810 | G78: 32581 | H78: 358391
A79: 2024/01 | B79: 14-K-379 | C79: OJC-A1-SC/SC-SM-5-PC/PC-SP | D79: K9088998 | E79: 8 | F79: 16800 | G79: 1680 | H79: 18480
A80: 2024/01 | B80: 14-K-385 | C80: OJC-A1-SC/SC-SM-6-PC/PC-SP | D80: K9088999 | E80: 32 | F80: 52480 | G80: 5248 | H80: 57728
A81: 2024/01 | B81: 14-K-640 | C81: OJC-A1-LC/LC-MM-7-PC/PC-DP | E81: 4 | F81: 22000 | G81: 2200 | H81: 24200
A82: 2024/01 | B82: 14-K-732 | C82: OJC-C2-SC/SC-SM-20-PC/PC-16C | D82: K9094339 | E82: 5 | F82: 207150 | G82: 20715 | H82: 227865
A83: 2024/01 | B83: 14-K-829 | C83: OJC-A1-SC/SC-SM-55-PC/PC-DP | E83: 2 | F83: 26800 | G83: 2680 | H83: 29480
A84: 2024/01 | B84: 14-K-847 | C84: OJC-A1-SC/SC-SM-2-PC/PC-SP | D84: K9088995_고려오트론 | E84: 1480 | F84: 1406000 | G84: 140600 | H84: 1546600
A85: 2024/01 | B85: 14-K-850 | C85: OJC-A1-SC/SC-SM-2-PC/PC-SP | D85: K9088995_포앤티 | E85: 1000 | F85: 1289000 | G85: 128900 | H85: 1417900
A86: 2024/01 | B86: 14-K-851 | C86: OJC-A1-SC/SC-SM-3-PC/PC-SP | D86: K9088996_포앤티 | E86: 3500 | F86: 4826500 | G86: 482650 | H86: 5309150
A87: 2024/01 | B87: 14-K-855 | C87: OJC-A1-SC/SC-SM-2-PC/PC-SP | D87: K9088995_청색 | E87: 500 | F87: 708500 | G87: 70850 | H87: 779350
A88: 2024/01 | B88: 14-K-856 | C88: OJC-A1-SC/SC-SM-1-PC/PC-SP | D88: K9088994_청색 | E88: 500 | F88: 609500 | G88: 60950 | H88: 670450
A89: 2024/01 | B89: 14-K-A115 | C89: OJC-A1-LC/LC-SM-3-APC/APC-DP | E89: 100 | F89: 361000 | G89: 36100 | H89: 397100
A90: 2024/01 | B90: 14-K-A117 | C90: OJC-A1-SC/LC-SM-15-PC/PC-DP | D90: LC/DP CLIP Type | E90: 2 | F90: 13400 | G90: 1340 | H90: 14740
A91: 2024/01 | B91: 14-K-A92 | C91: OJC-A1-LC/LC-SM-10-PC/PC-DP | D91: 적색 | E91: 10 | F91: 27020 | G91: 2702 | H91: 29722
A92: 2024/01 | B92: 14-K-B158 | C92: OJC-A1-LC/LC-SM-5-PC/PC-DP | D92: 적색 | E92: 15 | F92: 34065 | G92: 3407 | H92: 37472
A93: 2024/01 | B93: 14-K-B321 | C93: OJC-A1-SC/SC-SM-0.8-PC/PC-SP | E93: 188 | F93: 206800 | G93: 20680 | H93: 227480
A94: 2024/01 | B94: 14-M-048 | C94: MOJC-SM-12C-SC/PC-SC/PC | D94: 20M | E94: 30 | F94: 1301400 | G94: 130140 | H94: 1431540
A95: 2024/01 | B95: 14-M-054 | C95: MOJC-SM-12C-SC/PC-SC/PC | D95: 8M | E95: 40 | F95: 1194000 | G95: 119400 | H95: 1313400
A96: 2024/01 | B96: 14-M-715 | C96: MOJC-SM-24C-LC/PC-LC/PC | D96: 3M | E96: 2 | F96: 108388 | G96: 10839 | H96: 119227
A97: 2024/01 | B97: 14-P-001 | C97: PIGTAIL-FC/APC-SM-12C (0.9mm) | D97: 1.5M_12색 | E97: 1 | F97: 12000 | G97: 1200 | H97: 13200
A98: 2024/01 | B98: 14-P-006 | C98: PIGTAIL-LC/PC-SM-1C (0.9mm) | D98: 1.5M | E98: 224 | F98: 224000 | G98: 22400 | H98: 246400
A99: 2024/01 | B99: 14-P-010 | C99: PIGTAIL-SC/APC-SM-12C (0.9mm) | D99: 1.5M_12색 | E99: 10 | F99: 114000 | G99: 11400 | H99: 125400
A100: 2024/01 | B100: 14-P-018 | C100: PIGTAIL-SC/PC-SM-1C (0.9mm) | D100: 1.5M | E100: 940 | F100: 846000 | G100: 84600 | H100: 930600
A101: 2024/01 | B101: 14-P-025 | C101: PIGTAIL-SC/APC-SM-12C (SK성단용) | D101: 1.5M | E101: 332 | F101: 8300000 | G101: 830000 | H101: 9130000
A102: 2024/01 | B102: 14-P-029 | C102: PIGTAIL-SC/PC-SM-12C (SK성단용) | D102: 1.5M | E102: 16 | F102: 400000 | G102: 40000 | H102: 440000
A103: 2024/01 | B103: 14-P-030 | C103: PIGTAIL-SC/PC-SM-12C (0.9mm) | D103: 1.5M_(노란색) | E103: 10 | F103: 108000 | G103: 10800 | H103: 118800
A104: 2024/01 | B104: 14-P-073 | C104: PIGTAIL-SC/APC-SM-2C (0.9mm) | D104: 1.5M_노란색 | E104: 10 | F104: 20000 | G104: 2000 | H104: 22000
A105: 2024/01 | B105: 14-S-179 | C105: SOJC-SM-SC/APC-SC/APC | D105: 15M | E105: 10 | F105: 34091 | G105: 3409 | H105: 37500
... A277: 2024/02 | B277: 14-D-A177 | C277: DOJC-SM-LC/PC-LC/PC | D277: 3M_적색케이블 | E277: 20 | F277: 52120 | G277: 5212 | H277: 57332
A278: 2024/02 | B278: 14-K-021 | C278: OJC-A1-LC/LC-MM(OM3)-10-PC/PC-DP | E278: 10 | F278: 88000 | G278: 8800 | H278: 96800
A279: 2024/02 | B279: 14-K-022 | C279: OJC-A1-LC/LC-MM(OM3)-15-PC/PC-DP | E279: 50 | F279: 555000 | G279: 55500 | H279: 610500
A280: 2024/02 | B280: 14-K-024 | C280: OJC-A1-LC/LC-MM(OM3)-20-PC/PC-DP | E280: 10 | F280: 134000 | G280: 13400 | H280: 147400
A281: 2024/02 | B281: 14-K-025 | C281: OJC-A1-LC/LC-MM(OM3)-25-PC/PC-DP | E281: 10 | F281: 99000 | G281: 9900 | H281: 108900
A282: 2024/02 | B282: 14-K-031 | C282: OJC-A1-LC/LC-MM(OM3)-5-PC/PC-DP | E282: 20 | F282: 126000 | G282: 12600 | H282: 138600
A283: 2024/02 | B283: 14-K-035 | C283: OJC-A1-LC/LC-MM-10-PC/PC-DP | D283: K9089334 | E283: 20 | F283: 91440 | G283: 9144 | H283: 100584
A284: 2024/02 | B284: 14-K-052 | C284: OJC-A1-LC/LC-MM-2-PC/PC-DP | D284: K9089330 | E284: 80 | F284: 304000 | G284: 30400 | H284: 334400
A285: 2024/02 | B285: 14-K-058 | C285: OJC-A1-LC/LC-MM-3-PC/PC-DP | D285: K9089331 | E285: 80 | F285: 328000 | G285: 32800 | H285: 360800
A286: 2024/02 | B286: 14-K-079 | C286: OJC-A1-LC/LC-SM-10-PC/PC-SP | D286: K9089047 | E286: 20 | F286: 66000 | G286: 6600 | H286: 72600
A287: 2024/02 | B287: 14-K-083 | C287: OJC-A1-LC/LC-SM-15-PC/PC-DP | D287: K9089177 | E287: 50 | F287: 264400 | G287: 26440 | H287: 290840
A288: 2024/02 | B288: 14-K-086 | C288: OJC-A1-LC/LC-SM-1-PC/PC-SP | D288: K9089042 | E288: 10 | F288: 15000 | G288: 1500 | H288: 16500
A289: 2024/02 | B289: 14-K-087 | C289: OJC-A1-LC/LC-SM-20-PC/PC-DP | D289: K9089178 | E289: 50 | F289: 306050 | G289: 30605 | H289: 336655
A290: 2024/02 | B290: 14-K-091 | C290: OJC-A1-LC/LC-SM-25-PC/PC-DP | D290: K9089179 | E290: 50 | F290: 347450 | G290: 34745 | H290: 382195
A291: 2024/02 | B291: 14-K-093 | C291: OJC-A1-LC/LC-SM-2-PC/PC-DP | D291: K9089172 | E291: 40 | F291: 137960 | G291: 13796 | H291: 151756
A292: 2024/02 | B292: 14-K-097 | C292: OJC-A1-LC/LC-SM-3-PC/PC-DP | D292: K9089173 | E292: 80 | F292: 262500 | G292: 26250 | H292: 288750
A293: 2024/02 | B293: 14-K-098 | C293: OJC-A1-LC/LC-SM-3-PC/PC-SP | D293: K9089044 | E293: 10 | F293: 24000 | G293: 2400 | H293: 26400
A294: 2024/02 | B294: 14-K-107 | C294: OJC-A1-LC/LC-SM-5-PC/PC-DP | D294: K9089175 | E294: 25 | F294: 136400 | G294: 13640 | H294: 150040
... A323: 2024/02 | B323: 14-K-367 | C323: OJC-A1-SC/SC-SM-45-PC/PC-SP | D323: K9089026 | E323: 30 | F323: 123750 | G323: 12375 | H323: 136125
A324: 2024/02 | B324: 14-K-375 | C324: OJC-A1-SC/SC-SM-5-APC/APC-SP | E324: -55 | F324: -82665 | G324: -8267 | H324: -90932
A325: 2024/02 | B325: 14-K-378 | C325: OJC-A1-SC/SC-SM-5-PC/PC-DP | D325: K9089127 | E325: 20 | F325: 94000 | G325: 9400 | H325: 103400
A326: 2024/02 | B326: 14-K-379 | C326: OJC-A1-SC/SC-SM-5-PC/PC-SP | D326: K9088998 | E326: 20 | F326: 31140 | G326: 3114 | H326: 34254
A327: 2024/02 | B327: 14-K-414 | C327: OJC-A1-SC/LC-SM-3-APC/PC-SP | E327: 15 | F327: 26850 | G327: 2685 | H327: 29535
A328: 2024/02 | B328: 14-K-459 | C328: OJC-C2-SC/SC-SM-10-PC/PC-8C | D328: K9089452 | E328: 5 | F328: 78855 | G328: 7886 | H328: 86741
A329: 2024/02 | B329: 14-K-479 | C329: OJC-C2-SC/SC-SM-15-PC/PC-8C | D329: K9089452 | E329: 5 | F329: 91185 | G329: 9119 | H329: 100304
A330: 2024/02 | B330: 14-K-550 | C330: OJC-C2-SC/SC-SM-5-PC/PC-16C | D330: K9094339 | E330: 100 | F330: 2776800 | G330: 277680 | H330: 3054480
A331: 2024/02 | B331: 14-K-651 | C331: OJC-A1-SC/LC-SM-10-PC/PC-DP | D331: K9089162_청색 | E331: 60 | F331: 294000 | G331: 29400 | H331: 323400
A332: 2024/02 | B332: 14-K-653 | C332: OJC-A1-SC/LC-SM-20-PC/PC-DP | D332: K9089164_청색 | E332: 60 | F332: 402000 | G332: 40200 | H332: 442200
A333: 2024/02 | B333: 14-K-654 | C333: OJC-A1-SC/LC-SM-25-PC/PC-DP | D333: K9089165_청색 | E333: 60 | F333: 456000 | G333: 45600 | H333: 501600
A334: 2024/02 | B334: 14-K-655 | C334: OJC-A1-SC/LC-SM-30-PC/PC-DP | D334: K9089166_청색 | E334: 40 | F334: 340000 | G334: 34000 | H334: 374000
A335: 2024/02 | B335: 14-K-708 | C335: OJC-A1-SC/SC-SM-10-PC/PC-DP | D335: K9089132_청색 | E335: 60 | F335: 276000 | G335: 27600 | H335: 303600
A336: 2024/02 | B336: 14-K-709 | C336: OJC-A1-SC/SC-SM-15-PC/PC-DP | D336: K9089137_청색 | E336: 70 | F336: 385000 | G336: 38500 | H336: 423500
A337: 2024/02 | B337: 14-K-710 | C337: OJC-A1-SC/SC-SM-20-PC/PC-DP | D337: K9089142_청색 | E337: 60 | F337: 378000 | G337: 37800 | H337: 415800
A338: 2024/02 | B338: 14-K-711 | C338: OJC-A1-SC/SC-SM-25-PC/PC-DP | D338: K9089147_청색 | E338: 60 | F338: 438000 | G338: 43800 | H338: 481800
A339: 2024/02 | B339: 14-K-719 | C339: OJC-A1-LC/LC-SM-20-PC/PC-DP | D339: K9089178_청색 | E339: 30 | F339: 195000 | G339: 19500 | H339: 214500
... A515: 2024/03 | B515: 14-D-022 | C515: DOJC-MM(OM3)-LC/PC-LC/PC | D515: 40M | E515: 5 | F515: 110000 | G515: 11000 | H515: 121000
A516: 2024/03 | B516: 14-D-035A | C516: DX-MM-OM1-LC/PC-LC/PC-10M | E516: 6 | F516: 30000 | G516: 3000 | H516: 33000
A517: 2024/03 | B517: 14-D-041 | C517: DOJC-MM-LC/PC-LC/PC | D517: 17M | E517: 84 | F517: 856800 | G517: 85680 | H517: 942480
A518: 2024/03 | B518: 14-D-051 | C518: DOJC-MM-LC/PC-LC/PC | D518: 35M | E518: 2 | F518: 23728 | G518: 2373 | H518: 26101
A519: 2024/03 | B519: 14-D-055 | C519: DOJC-MM-LC/PC-LC/PC | D519: 50M | E519: 4 | F519: 89600 | G519: 8960 | H519: 98560
A520: 2024/03 | B520: 14-D-058 | C520: DOJC-MM-LC/PC-LC/PC | D520: 60M | E520: 1 | F520: 27000 | G520: 2700 | H520: 29700
A521: 2024/03 | B521: 14-D-066A | C521: DX-MM-OM1-LC/PC-SC/PC-10M | E521: 6 | F521: 30000 | G521: 3000 | H521: 33000
A522: 2024/03 | B522: 14-D-092A | C522: DX-MM-OM1-SC/PC-SC/PC-10M | E522: 6 | F522: 30000 | G522: 3000 | H522: 33000
...

Sheet 판매현황
A1: 월별 | B1: 품목코드 | C1: 품목명 | D1: 규격 | E1: 수량 | F1: 공급가액 | G1: 부가세 | H1: 합계
A2: 2024/01 | B2: 14-A-002F | C2: ADAPTER(OFA-SC/PC) | D2: K9076856_포앤티 | E2: 2000 | F2: 300000 | G2: 30000 | H2: 330000
A3: 2024/01 | B3: 14-A-002N | C3: ADAPTER(OFA-SC/PC) | D3: NO LOGO | E3: 19386 | F3: 5036709 | G3: 503671 | H3: 5540380
A4: 2024/01 | B4: 14-A-003 | C4: ADAPTER(OFA-SC/PC)-RED | D4: K9119065 | E4: 2 | F4: 891 | G4: 89 | H4: 980
A5: 2024/01 | B5: 14-A-004 | C5: ADAPTER(OFA-SC/PC)-DUPLEX | E5: 900 | F5: 810000 | G5: 81000 | H5: 891000
A6: 2024/01 | B6: 14-A-005 | C6: ADAPTER(OFA-LC/PC)-DUPLEX | E6: 240 | F6: 278000 | G6: 27800 | H6: 305800
A7: 2024/01 | B7: 14-A-006 | C7: ADAPTER(OFA-FC/PC) | E7: 1 | F7: 700 | G7: 70 | H7: 770
A8: 2024/01 | B8: 14-A-007 | C8: ADAPTER(OFA-SC/APC) | E8: 3110 | F8: 282540 | G8: 28260 | H8: 310800
A9: 2024/01 | B9: 14-A-010 | C9: ADAPTER(OFA-SC/APC) | D9: 클립X | E9: 100 | F9: 35500 | G9: 3550 | H9: 39050
A10: 2024/01 | B10: 14-A-011 | C10: ADAPTER(OFA-SC/PC) | D10: 클립X | E10: 2975 | F10: 238000 | G10: 23800 | H10: 261800
A11: 2024/01 | B11: 14-A-012 | C11: ADAPTER(OFA-LC/APC)-DUPLEX | E11: 100 | F11: 83700 | G11: 8370 | H11: 92070
A12: 2024/01 | B12: 14-C-005 | C12: DROP-CABLE(LC/PC) | D12: 3M | E12: 50 | F12: 230000 | G12: 23000 | H12: 253000
A13: 2024/01 | B13: 14-C-006 | C13: DROP-CABLE(LC/PC) | D13: 5M | E13: 30 | F13: 132600 | G13: 13260 | H13: 145860
A14: 2024/01 | B14: 14-C-026 | C14: DROP-CABLE(SC/APC) | D14: 5M | E14: 10 | F14: 38000 | G14: 3800 | H14: 41800
A15: 2024/01 | B15: 14-C-048 | C15: DROP-CABLE(SC/PC) | D15: 1M | E15: 30 | F15: 94800 | G15: 9480 | H15: 104280
A16: 2024/01 | B16: 14-C-055 | C16: DROP-CABLE(SC/PC) | D16: 3M | E16: 10 | F16: 34800 | G16: 3480 | H16: 38280
A17: 2024/01 | B17: 14-C-087 | C17: DROP-CABLE(SC/APC) | D17: 3M | E17: 40 | F17: 135200 | G17: 13520 | H17: 148720
A18: 2024/01 | B18: 14-C-089 | C18: DROP-CABLE(SC/APC) | D18: 7M | E18: 10 | F18: 42300 | G18: 4230 | H18: 46530
A19: 2024/01 | B19: 14-C-091 | C19: DROP-CABLE(SC/APC) | D19: 12M | E19: 10 | F19: 52800 | G19: 5280 | H19: 58080
A20: 2024/01 | B20: 14-C-379 | C20: 인입광케이블 TUBE_FIG8_4C | D20: meter | E20: 1000 | F20: 240000 | G20: 24000 | H20: 264000
A21: 2024/01 | B21: 14-C-497 | C21: DROP-CABLE(LC/PC)-2C | D21: 4M | E21: 100 | F21: 800000 | G21: 80000 | H21: 880000
A22: 2024/01 | B22: 14-C-626 | C22: DROP-CABLE(LC/PC-SC/PC) | D22: 70M | E22: -1 | F22: -22700 | G22: -2270 | H22: -24970
A23: 2024/01 | B23: 14-C-628 | C23: DROP-CABLE(LC/PC-SC/PC)-2C | D23: 70M | E23: 1 | F23: 33900 | G23: 3390 | H23: 37290
... A26: 2024/01 | B26: 14-D-029 | C26: DOJC-MM(OM3)-LC/PC-SC/PC | D26: 10M | E26: 2 | F26: 18000 | G26: 1800 | H26: 19800
A27: 2024/01 | B27: 14-D-083A | C27: DX-MM-OM1-LC/PC-SC/PC-5M | E27: 3 | F27: 12000 | G27: 1200 | H27: 13200
A28: 2024/01 | B28: 14-D-228 | C28: DOJC-SM-LC/PC-LC/PC | D28: 15M | E28: 30 | F28: 142890 | G28: 14289 | H28: 157179
A29: 2024/01 | B29: 14-D-234 | C29: DOJC-SM-LC/PC-LC/PC | D29: 20M | E29: 100 | F29: 569500 | G29: 56950 | H29: 626450
A30: 2024/01 | B30: 14-D-237 | C30: DOJC-SM-LC/PC-LC/PC | D30: 25M | E30: 50 | F30: 331450 | G30: 33145 | H30: 364595
A31: 2024/01 | B31: 14-D-241 | C31: DOJC-SM-LC/PC-LC/PC | D31: 30M | E31: 70 | F31: 529340 | G31: 52934 | H31: 582274
A32: 2024/01 | B32: 14-D-243 | C32: DOJC-SM-LC/PC-LC/PC | D32: 35M | E32: 50 | F32: 514850 | G32: 51485 | H32: 566335
A33: 2024/01 | B33: 14-D-244 | C33: DOJC-SM-LC/PC-LC/PC | D33: 3M | E33: 70 | F33: 182450 | G33: 18245 | H33: 200695
A34: 2024/01 | B34: 14-D-256 | C34: DOJC-SM-LC/PC-LC/PC | D34: 6M | E34: 100 | F34: 382500 | G34: 38250 | H34: 420750
A35: 2024/01 | B35: 14-D-436 | C35: DOJC-SM-SC/PC-FC/PC | D35: 3M | E35: 2 | F35: 7000 | G35: 700 | H35: 7700
A36: 2024/01 | B36: 14-D-601 | C36: DOJC-SM-LC/PC-SC/PC | D36: 0.3M | E36: 5 | F36: 21000 | G36: 2100 | H36: 23100
A37: 2024/01 | B37: 14-D-733 | C37: DOJC-SM-LC/PC-LC/PC | D37: 20M_청색케이블 | E37: 30 | F37: 170850 | G37: 17085 | H37: 187935
A38: 2024/01 | B38: 14-D-734 | C38: DOJC-SM-LC/PC-LC/PC | D38: 25M_청색케이블 | E38: 30 | F38: 198870 | G38: 19887 | H38: 218757
A39: 2024/01 | B39: 14-D-735 | C39: DOJC-SM-LC/PC-LC/PC | D39: 35M_청색케이블 | E39: 10 | F39: 102970 | G39: 10297 | H39: 113267
... A87: 2024/01 | B87: 14-K-362 | C87: OJC-A1-SC/SC-SM-3-PC/PC-SP | D87: K9088996 | E87: 3107 | F87: 4683800 | G87: 468380 | H87: 5152180
A88: 2024/01 | B88: 14-K-375 | C88: OJC-A1-SC/SC-SM-5-APC/APC-SP | E88: 55 | F88: 82665 | G88: 8267 | H88: 90932
A89: 2024/01 | B89: 14-K-378 | C89: OJC-A1-SC/SC-SM-5-PC/PC-DP | D89: K9089127 | E89: 90 | F89: 325810 | G89: 32581 | H89: 358391
A90: 2024/01 | B90: 14-K-379 | C90: OJC-A1-SC/SC-SM-5-PC/PC-SP | D90: K9088998 | E90: 8 | F90: 16800 | G90: 1680 | H90: 18480
A91: 2024/01 | B91: 14-K-385 | C91: OJC-A1-SC/SC-SM-6-PC/PC-SP | D91: K9088999 | E91: 32 | F91: 52480 | G91: 5248 | H91: 57728
A92: 2024/01 | B92: 14-K-640 | C92: OJC-A1-LC/LC-MM-7-PC/PC-DP | E92: 4 | F92: 22000 | G92: 2200 | H92: 24200
A93: 2024/01 | B93: 14-K-732 | C93: OJC-C2-SC/SC-SM-20-PC/PC-16C | D93: K9094339 | E93: 5 | F93: 207150 | G93: 20715 | H93: 227865
A94: 2024/01 | B94: 14-K-829 | C94: OJC-A1-SC/SC-SM-55-PC/PC-DP | E94: 2 | F94: 26800 | G94: 2680 | H94: 29480
A95: 2024/01 | B95: 14-K-847 | C95: OJC-A1-SC/SC-SM-2-PC/PC-SP | D95: K9088995_고려오트론 | E95: 1480 | F95: 1406000 | G95: 140600 | H95: 1546600
A96: 2024/01 | B96: 14-K-850 | C96: OJC-A1-SC/SC-SM-2-PC/PC-SP | D96: K9088995_포앤티 | E96: 1000 | F96: 1289000 | G96: 128900 | H96: 1417900
A97: 2024/01 | B97: 14-K-851 | C97: OJC-A1-SC/SC-SM-3-PC/PC-SP | D97: K9088996_포앤티 | E97: 3500 | F97: 4826500 | G97: 482650 | H97: 5309150
A98: 2024/01 | B98: 14-K-855 | C98: OJC-A1-SC/SC-SM-2-PC/PC-SP | D98: K9088995_청색 | E98: 500 | F98: 708500 | G98: 70850 | H98: 779350
A99: 2024/01 | B99: 14-K-856 | C99: OJC-A1-SC/SC-SM-1-PC/PC-SP | D99: K9088994_청색 | E99: 500 | F99: 609500 | G99: 60950 | H99: 670450
A100: 2024/01 | B100: 14-K-A115 | C100: OJC-A1-LC/LC-SM-3-APC/APC-DP | E100: 100 | F100: 361000 | G100: 36100 | H100: 397100
A101: 2024/01 | B101: 14-K-A117 | C101: OJC-A1-SC/LC-SM-15-PC/PC-DP | D101: LC/DP CLIP Type | E101: 2 | F101: 13400 | G101: 1340 | H101: 14740
A102: 2024/01 | B102: 14-K-A92 | C102: OJC-A1-LC/LC-SM-10-PC/PC-DP | D102: 적색 | E102: 10 | F102: 27020 | G102: 2702 | H102: 29722
A103: 2024/01 | B103: 14-K-B158 | C103: OJC-A1-LC/LC-SM-5-PC/PC-DP | D103: 적색 | E103: 15 | F103: 34065 | G103: 3407 | H103: 37472
A104: 2024/01 | B104: 14-K-B321 | C104: OJC-A1-SC/SC-SM-0.8-PC/PC-SP | E104: 188 | F104: 206800 | G104: 20680 | H104: 227480
A105: 2024/01 | B105: 14-M-048 | C105: MOJC-SM-12C-SC/PC-SC/PC | D105: 20M | E105: 30 | F105: 1301400 | G105: 130140 | H105: 1431540
A106: 2024/01 | B106: 14-M-054 | C106: MOJC-SM-12C-SC/PC-SC/PC | D106: 8M | E106: 40 | F106: 1194000 | G106: 119400 | H106: 1313400
A107: 2024/01 | B107: 14-M-715 | C107: MOJC-SM-24C-LC/PC-LC/PC | D107: 3M | E107: 2 | F107: 108388 | G107: 10839 | H107: 119227
A108: 2024/01 | B108: 14-O-005 | C108: 광감쇠기(SC/PC-5dB) | D108: K9039028 | E108: 100 | F108: 285000 | G108: 28500 | H108: 313500
A109: 2024/01 | B109: 14-O-011 | C109: 광감쇠기(SC/PC-15dB) | D109: K9039030 | E109: 5 | F109: 22500 | G109: 2250 | H109: 24750
A110: 2024/01 | B110: 14-O-024 | C110: 광감쇠기(LC/PC-20dB) | D110: K9076860 | E110: 4 | F110: 18000 | G110: 1800 | H110: 19800
A111: 2024/01 | B111: 14-O-055 | C111: 광감쇠기(LC/PC-12dB) | E111: 2 | F111: 9000 | G111: 900 | H111: 9900
A112: 2024/01 | B112: 14-P-001 | C112: PIGTAIL-FC/APC-SM-12C (0.9mm) | D112: 1.5M_12색 | E112: 1 | F112: 12000 | G112: 1200 | H112: 13200
A113: 2024/01 | B113: 14-P-006 | C113: PIGTAIL-LC/PC-SM-1C (0.9mm) | D113: 1.5M | E113: 224 | F113: 224000 | G113: 22400 | H113: 246400
A114: 2024/01 | B114: 14-P-010 | C114: PIGTAIL-SC/APC-SM-12C (0.9mm) | D114: 1.5M_12색 | E114: 10 | F114: 114000 | G114: 11400 | H114: 125400
A115: 2024/01 | B115: 14-P-018 | C115: PIGTAIL-SC/PC-SM-1C (0.9mm) | D115: 1.5M | E115: 940 | F115: 846000 | G115: 84600 | H115: 930600
A116: 2024/01 | B116: 14-P-025 | C116: PIGTAIL-SC/APC-SM-12C (SK성단용) | D116: 1.5M | E116: 332 | F116: 8300000 | G116: 830000 | H116: 9130000
A117: 2024/01 | B117: 14-P-029 | C117: PIGTAIL-SC/PC-SM-12C (SK성단용) | D117: 1.5M | E117: 16 | F117: 400000 | G117: 40000 | H117: 440000
A118: 2024/01 | B118: 14-P-030 | C118: PIGTAIL-SC/PC-SM-12C (0.9mm) | D118: 1.5M_(노란색) | E118: 10 | F118: 108000 | G118: 10800 | H118: 118800
A119: 2024/01 | B119: 14-P-073 | C119: PIGTAIL-SC/APC-SM-2C (0.9mm) | D119: 1.5M_노란색 | E119: 10 | F119: 20000 | G119: 2000 | H119: 22000
A120: 2024/01 | B120: 14-S-179 | C120: SOJC-SM-SC/APC-SC/APC | D120: 15M | E120: 10 | F120: 34091 | G120: 3409 | H120: 37500
A121: 2024/01 | B121: 14-S-185 | C121: SOJC-SM-SC/APC-SC/APC | D121: 3M | E121: 10 | F121: 14000 | G121: 1400 | H121: 15400
A122: 2024/01 | B122: 14-S-245 | C122: SOJC-SM-SC/PC-SC/APC | D122: 2M | E122: 2 | F122: 3800 | G122: 380 | H122: 4180
A123: 2024/01 | B123: 14-S-249 | C123: SOJC-SM-SC/PC-SC/APC | D123: 3M | E123: 20 | F123: 26400 | G123: 2640 | H123: 29040
... A132: 2024/01 | B132: 32-A-039 | C132: 심선접속자 01-49-직-젤-B | D132: K9039686 | E132: 2300 | F132: 128800 | G132: 12880 | H132: 141680
A133: 2024/01 | B133: 34-A-019 | C133: IDC 100P 접속공구(Short) | E133: 3 | F133: 66000 | G133: 6600 | H133: 72600
A134: 2024/01 | B134: 34-A-027 | C134: 구내용 IDC 국선보호기 | D134: K9088969 | E134: 3000 | F134: 8100000 | G134: 810000 | H134: 8910000
A135: 2024/01 | B135: 34-A-035 | C135: 구내용 IDC 국선보호기반(10P) / 구내용IDC국선단자 | D135: K9088968 | E135: 376 | F135: 3196000 | G135: 319600 | H135: 3515600
A136: 2024/01 | B136: 34-A-037 | C136: 소형 사선단자 (10P) | D136: K9088970 | E136: 920 | F136: 2852000 | G136: 285200 | H136: 3137200
A137: 2024/01 | B137: 35-M-005T | C137: 모듈러잭(RJ-11) | D137: 6P4C(투명)_100EA/봉 | E137: 300 | F137: 9900 | G137: 990 | H137: 10890
A138: 2024/01 | B138: 35-M-007T | C138: 모듈러잭(RJ-45)_CAT.5E_6U | D138: 8P8C(투명)_100EA/봉 | E138: 42300 | F138: 2097100 | G138: 209710 | H138: 2306810
A139: 2024/01 | B139: 35-M-011 | C139: 모듈러잭(RJ-45)_CAT.5E_50U | D139: 10P8C(투명)_100EA/봉 | E139: 1000 | F139: 80000 | G139: 8000 | H139: 88000
A140: 2024/01 | B140: 35-M-011T | C140: 모듈러잭(RJ-45)_CAT.5E_6U | D140: 10P8C(투명)_100EA/봉 | E140: 82000 | F140: 4057268 | G140: 405726 | H140: 4462994
A141: 2024/01 | B141: 35-M-013T | C141: 모듈러잭(RJ-45)_CAT.5E | D141: 8P8C(옐로우)_100EA/봉 | E141: 1000 | F141: 50000 | G141: 5000 | H141: 55000
A142: 2024/01 | B142: 35-M-024 | C142: 모듈러잭(RJ-45)_CAT.5E | D142: 8P8C(투명)_100EA/봉 / BRAND : NEXT | E142: 6800 | F142: 359040 | G142: 35904 | H142: 394944
A143: 2024/01 | B143: 36-A-0252 | C143: VISUAL FAULT LOCATOR (고장점탐지기) | D143: VLS-8-15/KT향 | E143: 3 | F143: 178400 | G143: 17840 | H143: 196240
A144: 2024/01 | B144: 36-A-055 | C144: 매설탐지기 (VLOCPRO2) 중고장비 | E144: 3 | F144: 4500000 | G144: 450000 | H144: 4950000
A145: 2024/01 | B145: 36-PM-12 | C145: MINI OPTICAL POWER METER (미니 광파워메타,SMP-01) | D145: SMP-01 | E145: 6 | F145: 582127 | G145: 58212 | H145: 640339
A146: 2024/01 | B146: 36-PM-13 | C146: MINI OPTICAL POWER METER (초소형 광파워메타,FHP-12-B) | D146: AJW-FHP-12-B | E146: 4 | F146: 276400 | G146: 27640 | H146: 304040
A147: 2024/01 | B147: 37-A-005 | C147: 광섬유보호튜브(단심,200M) | D147: 녹색, 200M/1롤 | E147: 1 | F147: 33000 | G147: 3300 | H147: 36300
A148: 2024/01 | B148: 37-A-007 | C148: 광섬유보호튜브(단심,200M) | D148: 자색, 200M/1롤 | E148: 1 | F148: 33000 | G148: 3300 | H148: 36300
A149: 2024/01 | B149: 37-A-010 | C149: 광섬유보호튜브(단심,200M) | D149: 황색, 200M/1롤 | E149: 1 | F149: 33000 | G149: 3300 | H149: 36300
A150: 2024/01 | B150: 37-A-019 | C150: 광케이블 피복탈피기 스트리퍼(ST-01) | D150: ST-01 | E150: 6 | F150: 81000 | G150: 8100 | H150: 89100
A151: 2024/01 | B151: 37-A-031 | C151: 인입광옥외선 스트리퍼(AJWST-02) | D151: AJWST-02 | E151: 1 | F151: 35000 | G151: 3500 | H151: 38500
A152: 2024/01 | B152: 37-A-038 | C152: 천가방(공구세트용,인쇄 有) | D152: 마크有(olleh) | E152: 2 | F152: 50000 | G152: 5000 | H152: 55000
A153: 2024/01 | B153: 37-A-039 | C153: 케블라가위(KS-01) | D153: KS-01 | E153: 1 | F153: 33000 | G153: 3300 | H153: 36300
A154: 2024/01 | B154: 37-A-048 | C154: 광코아 반자동 절단기 | D154: DC-20 | E154: 3 | F154: 529091 | G154: 52909 | H154: 582000
A155: 2024/01 | B155: 37-A-056 | C155: 수동절단기(FI-6000) | D155: FI-6000,2016 | E155: 5 | F155: 357500 | G155: 35750 | H155: 393250
A156: 2024/01 | B156: 37-A-059 | C156: 인입클램프 (ROUND,라운드케이블타입) | D156: (ROUND) 라운드케이블 타입 3.0mm | E156: 17000 | F156: 6239000 | G156: 623900 | H156: 6862900
... A167: 2024/01 | B167: 38-A-020 | C167: FTTH광단자함D형 스티커(olleh 기가인터넷) | D167: olleh 기가인터넷,138X98mm | E167: 200 | F167: 320000 | G167: 32000 | H167: 352000
...

Sheet 판매현황_2026
A1: 회사명 : (주)에이제이월드 / 2026/01/01 ~ 2026/04/30
A2: 월별 | B2: 품목별 | C2: 품목코드 | D2: 품목명 | E2: 규격 | F2: 수량 | G2: 공급가액 | H2: 부가세 | I2: 합계
A3: 2026/01 | B3: 어댑터 SC/PC-SP (ADAPTER SC/PC-SP) | C3: 14-A-002 | D3: 어댑터 SC/PC-SP (ADAPTER SC/PC-SP) | E3: K9076856 | F3: 1429 | G3: 488718 | H3: 48872 | I3: 537590
A4: 2026/01 | B4: ADAPTER(OFA-SC/PC) | C4: 14-A-002N | D4: ADAPTER(OFA-SC/PC) | E4: NO LOGO | F4: 20002 | G4: 4369340 | H4: 436934 | I4: 4806274
A5: 2026/01 | B5: ADAPTER(OFA-SC/PC)-RED | C5: 14-A-003 | D5: ADAPTER(OFA-SC/PC)-RED | E5: K9119065 | F5: 100 | G5: 35300 | H5: 3530 | I5: 38830
A6: 2026/01 | B6: ADAPTER(OFA-SC/PC)-DUPLEX | C6: 14-A-004 | D6: ADAPTER(OFA-SC/PC)-DUPLEX | F6: 900 | G6: 810000 | H6: 81000 | I6: 891000
A7: 2026/01 | B7: ADAPTER(OFA-LC/PC)-DUPLEX | C7: 14-A-005 | D7: ADAPTER(OFA-LC/PC)-DUPLEX | F7: 510 | G7: 631000 | H7: 63100 | I7: 694100
A8: 2026/01 | B8: ADAPTER(OFA-LC)-DUPLEX,CLEAR | C8: 14-A-005C | D8: ADAPTER(OFA-LC)-DUPLEX,CLEAR | E8: COLOR : CLEAR (PC,APC 공용) | F8: 3000 | G8: 1026000 | H8: 102600 | I8: 1128600
A9: 2026/01 | B9: ADAPTER(OFA-SC/APC) | C9: 14-A-007 | D9: ADAPTER(OFA-SC/APC) | F9: 6340 | G9: 616000 | H9: 61600 | I9: 677600
A10: 2026/01 | B10: ADAPTER(OFA-LC/APC)-DUPLEX | C10: 14-A-012 | D10: ADAPTER(OFA-LC/APC)-DUPLEX | F10: 50 | G10: 62500 | H10: 6250 | I10: 68750
A11: 2026/01 | B11: DROP-CABLE(LC/PC) | C11: 14-C-005 | D11: DROP-CABLE(LC/PC) | E11: 3M | F11: 50 | G11: 205000 | H11: 20500 | I11: 225500
A12: 2026/01 | B12: DROP-CABLE(LC/PC-SC/APC) | C12: 14-C-009 | D12: DROP-CABLE(LC/PC-SC/APC) | E12: 10M | F12: 110
A13: 2026/01 | B13: DROP-CABLE(SC/APC) | C13: 14-C-013 | D13: DROP-CABLE(SC/APC) | E13: 10M | F13: 5 | G13: 26000 | H13: 2600 | I13: 28600
A14: 2026/01 | B14: DROP-CABLE(SC/PC-SC/APC) | C14: 14-C-094 | D14: DROP-CABLE(SC/PC-SC/APC) | E14: 5M | F14: 10 | G14: 49000 | H14: 4900 | I14: 53900
A15: 2026/01 | B15: DROP-CABLE(LC/PC-SC/APC) | C15: 14-C-130 | D15: DROP-CABLE(LC/PC-SC/APC) | E15: 15M | F15: 110
A16: 2026/01 | B16: DROP-CABLE(LC/PC-SC/APC) | C16: 14-C-361 | D16: DROP-CABLE(LC/PC-SC/APC) | E16: 5M | F16: 20 | G16: 100000 | H16: 10000 | I16: 110000
A17: 2026/01 | B17: 인입광케이블 T/B_FIG8_4C | C17: 14-C-379 | D17: 인입광케이블 T/B_FIG8_4C | E17: meter | F17: 10000 | G17: 2280000 | H17: 228000 | I17: 2508000
A18: 2026/01 | B18: 인입광케이블 TUBE_FIG8_12C | C18: 14-C-381 | D18: 인입광케이블 TUBE_FIG8_12C | F18: 1000 | G18: 418000 | H18: 41800 | I18: 459800
A19: 2026/01 | B19: Optical Cable Parts,LC/PC-LC/PC-Single mode-40m-2Core | C19: 14-C-407 | D19: Optical Cable Parts,LC/PC-LC/PC-Single mode-40m-2Core | E19: 657A2 , LSZH | F19: 40 | G19: 1560000 | H19: 156000 | I19: 1716000
A20: 2026/01 | B20: Optical Cable Parts,LC/PC-LC/PC-Single mode-50m-2Core | C20: 14-C-408 | D20: Optical Cable Parts,LC/PC-LC/PC-Single mode-50m-2Core | E20: 657A2 , LSZH | F20: 10 | G20: 470000 | H20: 47000 | I20: 517000
A21: 2026/01 | B21: Optical Cable Parts,LC/PC-LC/PC-Single mode-60m-2Core | C21: 14-C-409 | D21: Optical Cable Parts,LC/PC-LC/PC-Single mode-60m-2Core | E21: 657A2 , LSZH | F21: 10 | G21: 550000 | H21: 55000 | I21: 605000
A22: 2026/01 | B22: DROP-CABLE(LC/APC) | C22: 14-C-484 | D22: DROP-CABLE(LC/APC) | E22: 10M | F22: 5 | G22: 27000 | H22: 2700 | I22: 29700
A23: 2026/01 | B23: Optical Cable Parts,LC/PC-LC/PC-Single mode-20m-1Core | C23: 14-C-515 | D23: Optical Cable Parts,LC/PC-LC/PC-Single mode-20m-1Core | E23: 657A2 , LSZH | F23: 40 | G23: 720000 | H23: 72000 | I23: 792000
A24: 2026/01 | B24: DROP-CABLE(LC/PC)-2C | C24: 14-C-560 | D24: DROP-CABLE(LC/PC)-2C | E24: 5M | F24: 30 | G24: 180000 | H24: 18000 | I24: 198000
A25: 2026/01 | B25: DROP-CABLE(LC/PC)-2C | C25: 14-C-600 | D25: DROP-CABLE(LC/PC)-2C | E25: 20M | F25: 20 | G25: 258000 | H25: 25800 | I25: 283800
A26: 2026/01 | B26: DROP-CABLE(LC/APC-SC/APC) | C26: 14-C-701 | D26: DROP-CABLE(LC/APC-SC/APC) | E26: 15M | F26: -110
A27: 2026/01 | B27: DROP-CABLE(LC/APC-SC/APC) | C27: 14-C-703 | D27: DROP-CABLE(LC/APC-SC/APC) | E27: 10M | F27: -110
A28: 2026/01 | B28: DOJC-MM(OM3)-LC/PC-LC/PC | C28: 14-D-009 | D28: DOJC-MM(OM3)-LC/PC-LC/PC | E28: 12M | F28: 7 | G28: 63700 | H28: 6370 | I28: 70070
A29: 2026/01 | B29: DOJC-MM(OM3)-LC/PC-LC/PC | C29: 14-D-027 | D29: DOJC-MM(OM3)-LC/PC-LC/PC | E29: 7M | F29: 50 | G29: 370000 | H29: 37000 | I29: 407000
A30: 2026/01 | B30: DOJC-MM-LC/PC-LC/PC | C30: 14-D-051 | D30: DOJC-MM-LC/PC-LC/PC | E30: 35M | F30: 2 | G30: 33600 | H30: 3360 | I30: 36960
A31: 2026/01 | B31: DOJC-MM-LC/PC-LC/PC | C31: 14-D-053 | D31: DOJC-MM-LC/PC-LC/PC | E31: 40M | F31: 6 | G31: 81000 | H31: 8100 | I31: 89100
A32: 2026/01 | B32: DOJC-MM-LC/PC-LC/PC | C32: 14-D-054 | D32: DOJC-MM-LC/PC-LC/PC | E32: 45M | F32: 2 | G32: 28048 | H32: 2805 | I32: 30853
A33: 2026/01 | B33: DOJC-MM-LC/PC-LC/PC | C33: 14-D-055 | D33: DOJC-MM-LC/PC-LC/PC | E33: 50M | F33: 3 | G33: 45312 | H33: 4531 | I33: 49843
A34: 2026/01 | B34: DOJC-MM-LC/PC-LC/PC | C34: 14-D-056 | D34: DOJC-MM-LC/PC-LC/PC | E34: 55M | F34: 4 | G34: 64736 | H34: 6474 | I34: 71210
A35: 2026/01 | B35: DOJC-MM-LC/PC-LC/PC | C35: 14-D-058 | D35: DOJC-MM-LC/PC-LC/PC | E35: 60M | F35: 6 | G35: 103584 | H35: 10358 | I35: 113942
A36: 2026/01 | B36: DOJC-SM-LC/PC-FC/PC | C36: 14-D-210 | D36: DOJC-SM-LC/PC-FC/PC | E36: 50M | F36: 1 | G36: 10058 | H36: 1006 | I36: 11064
A37: 2026/01 | B37: DOJC-SM-LC/PC-LC/PC | C37: 14-D-223 | D37: DOJC-SM-LC/PC-LC/PC | E37: 10M | F37: 100 | G37: 508900 | H37: 50890 | I37: 559790
A38: 2026/01 | B38: DOJC-SM-LC/PC-LC/PC | C38: 14-D-256 | D38: DOJC-SM-LC/PC-LC/PC | E38: 6M | F38: 1000 | G38: 4585000 | H38: 458500 | I38: 5043500
A39: 2026/01 | B39: DOJC-MM(OM3)-LC/PC-LC/PC | C39: 14-D-530 | D39: DOJC-MM(OM3)-LC/PC-LC/PC | E39: 4M | F39: 50 | G39: 300000 | H39: 30000 | I39: 330000
... A43: 2026/01 | B43: DOJC-MM(OM3)-LC/PC-LC/PC | C43: 14-D-A376 | D43: DOJC-MM(OM3)-LC/PC-LC/PC | E43: 3M | F43: 20 | G43: 104000 | H43: 10400 | I43: 114400
A44: 2026/01 | B44: OJC-A1-LC/LC-MM(OM3)-10-PC/PC-DP | C44: 14-K-021 | D44: OJC-A1-LC/LC-MM(OM3)-10-PC/PC-DP | F44: 26 | G44: 207400 | H44: 20740 | I44: 228140
A45: 2026/01 | B45: OJC-A1-LC/LC-MM(OM3)-15-PC/PC-DP | C45: 14-K-022 | D45: OJC-A1-LC/LC-MM(OM3)-15-PC/PC-DP | F45: 134 | G45: 1214000 | H45: 121400 | I45: 1335400
A46: 2026/01 | B46: OJC-A1-LC/LC-MM(OM3)-20-PC/PC-DP | C46: 14-K-024 | D46: OJC-A1-LC/LC-MM(OM3)-20-PC/PC-DP | F46: 26 | G46: 84000 | H46: 8400 | I46: 92400
A47: 2026/01 | B47: OJC-A1-LC/LC-MM(OM3)-25-PC/PC-DP | C47: 14-K-025 | D47: OJC-A1-LC/LC-MM(OM3)-25-PC/PC-DP | F47: 20
A48: 2026/01 | B48: OJC-A1-LC/LC-MM-15-PC/PC-DP | C48: 14-K-039 | D48: OJC-A1-LC/LC-MM-15-PC/PC-DP | E48: K9089335 | F48: 70 | G48: 560000 | H48: 56000 | I48: 616000
A49: 2026/01 | B49: OJC-A1-LC/LC-SM-10-PC/PC-DP | C49: 14-K-078 | D49: OJC-A1-LC/LC-SM-10-PC/PC-DP | E49: K9089176 | F49: 60 | G49: 142710 | H49: 14271 | I49: 156981
A50: 2026/01 | B50: OJC-A1-LC/LC-SM-15-PC/PC-DP | C50: 14-K-083 | D50: OJC-A1-LC/LC-SM-15-PC/PC-DP | E50: K9089177 | F50: 30
A51: 2026/01 | B51: OJC-A1-LC/LC-SM-1-PC/PC-DP | C51: 14-K-085 | D51: OJC-A1-LC/LC-SM-1-PC/PC-DP | E51: K9089171 | F51: 4 | G51: 12000 | H51: 1200 | I51: 13200
A52: 2026/01 | B52: OJC-A1-LC/LC-SM-20-PC/PC-DP | C52: 14-K-087 | D52: OJC-A1-LC/LC-SM-20-PC/PC-DP | E52: K9089178 | F52: 60 | G52: 185550 | H52: 18555 | I52: 204105
A53: 2026/01 | B53: OJC-A1-LC/LC-SM-25-PC/PC-DP | C53: 14-K-091 | D53: OJC-A1-LC/LC-SM-25-PC/PC-DP | E53: K9089179 | F53: 30 | G53: 210630 | H53: 21063 | I53: 231693
A54: 2026/01 | B54: OJC-A1-LC/LC-SM-5-PC/PC-DP | C54: 14-K-107 | D54: OJC-A1-LC/LC-SM-5-PC/PC-DP | E54: K9089175 | F54: 20 | G54: 91000 | H54: 9100 | I54: 100100
A55: 2026/01 | B55: OJC-A1-SC/LC-SM-10-PC/PC-DP | C55: 14-K-176 | D55: OJC-A1-SC/LC-SM-10-PC/PC-DP | E55: K9089162 | F55: 135 | G55: 441200 | H55: 44120 | I55: 485320
A56: 2026/01 | B56: OJC-A1-SC/LC-SM-10-PC/PC-SP | C56: 14-K-177 | D56: OJC-A1-SC/LC-SM-10-PC/PC-SP | E56: K9089033 | F56: 50 | G56: 111000 | H56: 11100 | I56: 122100
A57: 2026/01 | B57: OJC-A1-SC/LC-SM-15-PC/PC-DP | C57: 14-K-188 | D57: OJC-A1-SC/LC-SM-15-PC/PC-DP | E57: K9089163 | F57: 141 | G57: 571856 | H57: 57186 | I57: 629042
A58: 2026/01 | B58: OJC-A1-SC/LC-SM-1-PC/PC-DP | C58: 14-K-198 | D58: OJC-A1-SC/LC-SM-1-PC/PC-DP | E58: K9089157 | F58: 54 | G58: 157680 | H58: 15768 | I58: 173448
A59: 2026/01 | B59: OJC-A1-SC/LC-SM-1-PC/PC-SP | C59: 14-K-199 | D59: OJC-A1-SC/LC-SM-1-PC/PC-SP | E59: K9089028 | F59: 80 | G59: 117520 | H59: 11752 | I59: 129272
A60: 2026/01 | B60: OJC-A1-SC/LC-SM-20-PC/PC-DP | C60: 14-K-204 | D60: OJC-A1-SC/LC-SM-20-PC/PC-DP | E60: K9089164 | F60: 150 | G60: 305200 | H60: 30520 | I60: 335720
A61: 2026/01 | B61: OJC-A1-SC/LC-SM-2-PC/PC-DP | C61: 14-K-214 | D61: OJC-A1-SC/LC-SM-2-PC/PC-DP | E61: K9089158 | F61: 398 | G61: 1314464 | H61: 131446 | I61: 1445910
A62: 2026/01 | B62: OJC-A1-SC/LC-SM-2-PC/PC-SP | C62: 14-K-215 | D62: OJC-A1-SC/LC-SM-2-PC/PC-SP | E62: K9089029 | F62: 10 | G62: 20000 | H62: 2000 | I62: 22000
A63: 2026/01 | B63: OJC-A1-SC/LC-SM-30-PC/PC-DP | C63: 14-K-217 | D63: OJC-A1-SC/LC-SM-30-PC/PC-DP | E63: K9089166 | F63: 22 | G63: 22600 | H63: 2260 | I63: 24860
A64: 2026/01 | B64: OJC-A1-SC/LC-SM-3-PC/PC-DP | C64: 14-K-225 | D64: OJC-A1-SC/LC-SM-3-PC/PC-DP | E64: K9089159
A65: 2026/01 | B65: OJC-A1-SC/LC-SM-3-PC/PC-SP | C65: 14-K-226 | D65: OJC-A1-SC/LC-SM-3-PC/PC-SP | E65: K9089030 | F65: 13 | G65: 27300 | H65: 2730 | I65: 30030
A66: 2026/01 | B66: OJC-A1-SC/LC-SM-5-PC/PC-DP | C66: 14-K-236 | D66: OJC-A1-SC/LC-SM-5-PC/PC-DP | E66: K9089161 | F66: 85 | G66: 335430 | H66: 33543 | I66: 368973
A67: 2026/01 | B67: OJC-A1-SC/LC-SM-5-PC/PC-SP | C67: 14-K-237 | D67: OJC-A1-SC/LC-SM-5-PC/PC-SP | E67: K9089032 | F67: 20 | G67: 36100 | H67: 3610 | I67: 39710
A68: 2026/01 | B68: OJC-A1-SC/SC-SM-10-PC/APC-SP | C68: 14-K-289 | D68: OJC-A1-SC/SC-SM-10-PC/APC-SP | E68: K9089059 | F68: 1 | G68: 2700 | H68: 270 | I68: 2970
A69: 2026/01 | B69: OJC-A1-SC/SC-SM-10-PC/PC-DP | C69: 14-K-290 | D69: OJC-A1-SC/SC-SM-10-PC/PC-DP | E69: K9089132 | F69: 52 | G69: 70800 | H69: 7080 | I69: 77880
A70: 2026/01 | B70: OJC-A1-SC/SC-SM-10-PC/PC-SP | C70: 14-K-291 | D70: OJC-A1-SC/SC-SM-10-PC/PC-SP | E70: K9089003 | F70: 50 | G70: 101400 | H70: 10140 | I70: 111540
A71: 2026/01 | B71: OJC-A1-SC/SC-SM-15-PC/PC-DP | C71: 14-K-302 | D71: OJC-A1-SC/SC-SM-15-PC/PC-DP | E71: K9089137 | F71: 40
A72: 2026/01 | B72: OJC-A1-SC/SC-SM-15-PC/PC-SP | C72: 14-K-303 | D72: OJC-A1-SC/SC-SM-15-PC/PC-SP | E72: K9089008 | F72: 200 | G72: 457000 | H72: 45700 | I72: 502700
A73: 2026/01 | B73: OJC-A1-SC/SC-SM-1-PC/PC-SP | C73: 14-K-316 | D73: OJC-A1-SC/SC-SM-1-PC/PC-SP | E73: K9088994 | F73: 500 | G73: 560500 | H73: 56050 | I73: 616550
A74: 2026/01 | B74: OJC-A1-SC/SC-SM-20-PC/PC-SP | C74: 14-K-322 | D74: OJC-A1-SC/SC-SM-20-PC/PC-SP | E74: K9089013 | F74: 104 | G74: 282700 | H74: 28270 | I74: 310970
A75: 2026/01 | B75: OJC-A1-SC/SC-SM-25-PC/PC-SP | C75: 14-K-337 | D75: OJC-A1-SC/SC-SM-25-PC/PC-SP | E75: K9089018 | F75: 100 | G75: 308600 | H75: 30860 | I75: 339460
A76: 2026/01 | B76: OJC-A1-SC/SC-SM-2-APC/APC-SP | C76: 14-K-343 | D76: OJC-A1-SC/SC-SM-2-APC/APC-SP | F76: 10 | G76: 19000 | H76: 1900 | I76: 20900
A77: 2026/01 | B77: OJC-A1-SC/SC-SM-3-APC/APC-SP | C77: 14-K-357 | D77: OJC-A1-SC/SC-SM-3-APC/APC-SP | E77: K9089111 | F77: 50 | G77: 66500 | H77: 6650 | I77: 73150
A78: 2026/01 | B78: OJC-A1-SC/SC-SM-3-PC/APC-SP | C78: 14-K-360 | D78: OJC-A1-SC/SC-SM-3-PC/APC-SP | E78: K9089057 | F78: 25 | G78: 50000 | H78: 5000 | I78: 55000
A79: 2026/01 | B79: OJC-A1-SC/SC-SM-3-PC/PC-SP | C79: 14-K-362 | D79: OJC-A1-SC/SC-SM-3-PC/PC-SP | E79: K9088996 | F79: 22 | G79: 41800 | H79: 4180 | I79: 45980
A80: 2026/01 | B80: OJC-A1-SC/SC-SM-40-PC/PC-SP | C80: 14-K-365 | D80: OJC-A1-SC/SC-SM-40-PC/PC-SP | E80: K9089025 | F80: 3 | G80: 18900 | H80: 1890 | I80: 20790
A81: 2026/01 | B81: OJC-A1-SC/SC-SM-5-PC/PC-SP | C81: 14-K-379 | D81: OJC-A1-SC/SC-SM-5-PC/PC-SP | E81: K9088998 | F81: 100 | G81: 157400 | H81: 15740 | I81: 173140
A82: 2026/01 | B82: OJC-A1-SC/SC-SM-7-PC/PC-DP | C82: 14-K-388 | D82: OJC-A1-SC/SC-SM-7-PC/PC-DP | E82: K9089129 | F82: 10 | G82: 45000 | H82: 4500 | I82: 49500
A83: 2026/01 | B83: OJC-A1-SC/LC-SM-20-PC/PC-DP | C83: 14-K-A118 | D83: OJC-A1-SC/LC-SM-20-PC/PC-DP | E83: LC/DP CLIP Type | F83: 4 | G83: 30000 | H83: 3000 | I83: 33000
A84: 2026/01 | B84: OJC-A1-LC/LC-SM-3-APC/APC-SP | C84: 14-K-A62 | D84: OJC-A1-LC/LC-SM-3-APC/APC-SP | F84: 10 | G84: 24000 | H84: 2400 | I84: 26400
A85: 2026/01 | B85: 광감쇠기(SC/PC-3dB) | C85: 14-O-003 | D85: 광감쇠기(SC/PC-3dB) | F85: 50 | G85: 200000 | H85: 20000 | I85: 220000
